ID,Labeled Data,Label,Created By,Project Name,Created At,Seconds to Label,External ID,Agreement
cjitz4t8p0p4207215wmy9m23,https://firebasestorage.googleapis.com/v0/b/labelbox-193903.appspot.com/o/cji1s2pde32fd0710rcjl72g4%2F20c06351-1846-47cb-83ac-7718be5f85d3%2FIMG_0258.JPG?alt=media&token=df5fda5d-1bcc-4bc2-a0ad-ef1c13f3833a,"{""hello"":[[{""x"":181,""y"":177},{""x"":181,""y"":78},{""x"":203,""y"":78},{""x"":203,""y"":177}]]}",yueyingteng@gmail.com,resized_hello,1529913730000,8.176,,
cjitzgo4u0rd20721pm5v70o8,https://firebasestorage.googleapis.com/v0/b/labelbox-193903.appspot.com/o/cji1s2pde32fd0710rcjl72g4%2F20c06351-1846-47cb-83ac-7718be5f85d3%2FIMG_0260.JPG?alt=media&token=0c07b008-d66a-4b39-96a5-aa246fa0f046,"{""hello"":[[{""x"":215,""y"":161},{""x"":215,""y"":73},{""x"":243,""y"":73},{""x"":243,""y"":161}]]}",yueyingteng@gmail.com,resized_hello,1529914283000,4.949,,
cjitz50hu0p4y0721qsnj294e,https://firebasestorage.googleapis.com/v0/b/labelbox-193903.appspot.com/o/cji1s2pde32fd0710rcjl72g4%2F20c06351-1846-47cb-83ac-7718be5f85d3%2FIMG_0261.JPG?alt=media&token=f971a886-bbad-4dae-89fe-068c83d51a29,"{""hello"":[[{""x"":194,""y"":171},{""x"":194,""y"":66},{""x"":217,""y"":66},{""x"":217,""y"":171}]]}",yueyingteng@gmail.com,resized_hello,1529913740000,9.442,,
cjitz5am50p6e0721y6j5z3ed,https://firebasestorage.googleapis.com/v0/b/labelbox-193903.appspot.com/o/cji1s2pde32fd0710rcjl72g4%2F20c06351-1846-47cb-83ac-7718be5f85d3%2FIMG_0262.JPG?alt=media&token=8305b8bc-529b-4fe8-abcb-876c6b1796e2,"{""hello"":[[{""x"":209,""y"":123},{""x"":209,""y"":70},{""x"":234,""y"":70},{""x"":234,""y"":123}]]}",yueyingteng@gmail.com,resized_hello,1529913753000,13.105,,
cjitz5mnz0vcd0749lvja4r1h,https://firebasestorage.googleapis.com/v0/b/labelbox-193903.appspot.com/o/cji1s2pde32fd0710rcjl72g4%2F20c06351-1846-47cb-83ac-7718be5f85d3%2FIMG_0264.JPG?alt=media&token=c78be0ea-eaa1-44f9-93fc-1ffb8f2a53e6,"{""hello"":[[{""x"":226,""y"":138},{""x"":197,""y"":139},{""x"":197,""y"":82},{""x"":226,""y"":82}]]}",yueyingteng@gmail.com,resized_hello,1529913768000,15.604,,
cjitz675r0vfq07499y8gi2fn,https://firebasestorage.googleapis.com/v0/b/labelbox-193903.appspot.com/o/cji1s2pde32fd0710rcjl72g4%2F20c06351-1846-47cb-83ac-7718be5f85d3%2FIMG_0265.JPG?alt=media&token=7fc76dfc-39fd-4f1a-895d-58f7551d81e3,"{""hello"":[[{""x"":212,""y"":154},{""x"":212,""y"":96},{""x"":239,""y"":96},{""x"":239,""y"":154}]]}",yueyingteng@gmail.com,resized_hello,1529913795000,26.564,,
cjitz6c920vgs0749vltegc52,https://firebasestorage.googleapis.com/v0/b/labelbox-193903.appspot.com/o/cji1s2pde32fd0710rcjl72g4%2F20c06351-1846-47cb-83ac-7718be5f85d3%2FIMG_0266.JPG?alt=media&token=103579d4-cd19-4753-8942-16c1d1421635,"{""hello"":[[{""x"":206,""y"":159},{""x"":206,""y"":101},{""x"":239,""y"":101},{""x"":239,""y"":159}]]}",yueyingteng@gmail.com,resized_hello,1529913801000,6.658,,
cjitz6g290vhp0749fg23tbc9,https://firebasestorage.googleapis.com/v0/b/labelbox-193903.appspot.com/o/cji1s2pde32fd0710rcjl72g4%2F20c06351-1846-47cb-83ac-7718be5f85d3%2FIMG_0268.JPG?alt=media&token=4a56b61f-71ab-440c-997c-a7e121d2b915,"{""hello"":[[{""x"":236,""y"":156},{""x"":236,""y"":114},{""x"":260,""y"":114},{""x"":260,""y"":156}]]}",yueyingteng@gmail.com,resized_hello,1529913806000,5.198,,
cjitz6k0s0pej07215fpop22w,https://firebasestorage.googleapis.com/v0/b/labelbox-193903.appspot.com/o/cji1s2pde32fd0710rcjl72g4%2F20c06351-1846-47cb-83ac-7718be5f85d3%2FIMG_0269.JPG?alt=media&token=6567c930-71ad-464e-827a-e7f97232074a,"{""hello"":[[{""x"":195,""y"":187},{""x"":195,""y"":107},{""x"":226,""y"":107},{""x"":226,""y"":187}]]}",yueyingteng@gmail.com,resized_hello,1529913812000,4.725,,
cjitz6nsn0vip07490bv03baw,https://firebasestorage.googleapis.com/v0/b/labelbox-193903.appspot.com/o/cji1s2pde32fd0710rcjl72g4%2F20c06351-1846-47cb-83ac-7718be5f85d3%2FIMG_0270.JPG?alt=media&token=f647b19c-6dce-44a4-9af3-7c06f1799ec2,"{""hello"":[[{""x"":183,""y"":172},{""x"":183,""y"":131},{""x"":210,""y"":131},{""x"":210,""y"":172}]]}",yueyingteng@gmail.com,resized_hello,1529913816000,5.141,,
cjitz6rkx0vjk0749xsjoxqm0,https://firebasestorage.googleapis.com/v0/b/labelbox-193903.appspot.com/o/cji1s2pde32fd0710rcjl72g4%2F20c06351-1846-47cb-83ac-7718be5f85d3%2FIMG_0271.JPG?alt=media&token=885bfbfb-4610-4632-9a8b-d2de06c882d6,"{""hello"":[[{""x"":158,""y"":209},{""x"":158,""y"":103},{""x"":184,""y"":103},{""x"":184,""y"":209}]]}",yueyingteng@gmail.com,resized_hello,1529913821000,4.755,,
cjitz6vyf0vky07493p7smb3e,https://firebasestorage.googleapis.com/v0/b/labelbox-193903.appspot.com/o/cji1s2pde32fd0710rcjl72g4%2F20c06351-1846-47cb-83ac-7718be5f85d3%2FIMG_0272.JPG?alt=media&token=8dd113b0-dba4-456a-b1fc-15083aeb3249,"{""hello"":[[{""x"":200,""y"":171},{""x"":200,""y"":118},{""x"":225,""y"":118},{""x"":225,""y"":171}]]}",yueyingteng@gmail.com,resized_hello,1529913827000,5.636,,
cjitz702e0phb0721x702hkps,https://firebasestorage.googleapis.com/v0/b/labelbox-193903.appspot.com/o/cji1s2pde32fd0710rcjl72g4%2F20c06351-1846-47cb-83ac-7718be5f85d3%2FIMG_0273.JPG?alt=media&token=cf534be9-2cbc-4d5f-bf15-1ecc8a1c4d61,"{""hello"":[[{""x"":188,""y"":170},{""x"":188,""y"":113},{""x"":214,""y"":113},{""x"":214,""y"":170}]]}",yueyingteng@gmail.com,resized_hello,1529913832000,5.246,,
cjitz77xe0pif07213sgxmzoa,https://firebasestorage.googleapis.com/v0/b/labelbox-193903.appspot.com/o/cji1s2pde32fd0710rcjl72g4%2F20c06351-1846-47cb-83ac-7718be5f85d3%2FIMG_0274.JPG?alt=media&token=f647b0aa-2577-456f-a467-8d2136fa082a,"{""hello"":[[{""x"":184,""y"":116},{""x"":184,""y"":205},{""x"":207,""y"":205},{""x"":207,""y"":116}]]}",yueyingteng@gmail.com,resized_hello,1529913843000,10.256,,
cjitz7fhr0pkj0721arqa5u2q,https://firebasestorage.googleapis.com/v0/b/labelbox-193903.appspot.com/o/cji1s2pde32fd0710rcjl72g4%2F20c06351-1846-47cb-83ac-7718be5f85d3%2FIMG_0275.JPG?alt=media&token=e814c497-c5b6-4501-857f-bd913c119e18,"{""hello"":[[{""x"":202,""y"":177},{""x"":202,""y"":67},{""x"":230,""y"":67},{""x"":230,""y"":177}]]}",yueyingteng@gmail.com,resized_hello,1529913852000,9.931,,
cjitz7j8i0pkz072145gfpecx,https://firebasestorage.googleapis.com/v0/b/labelbox-193903.appspot.com/o/cji1s2pde32fd0710rcjl72g4%2F20c06351-1846-47cb-83ac-7718be5f85d3%2FIMG_0281.JPG?alt=media&token=63be505b-7476-46ec-a3c5-d2230a45a5dd,"{""hello"":[[{""x"":227,""y"":133},{""x"":227,""y"":71},{""x"":255,""y"":71},{""x"":255,""y"":133}]]}",yueyingteng@gmail.com,resized_hello,1529913857000,4.902,,
cjitz7o3m0vqw0749do0fuub3,https://firebasestorage.googleapis.com/v0/b/labelbox-193903.appspot.com/o/cji1s2pde32fd0710rcjl72g4%2F20c06351-1846-47cb-83ac-7718be5f85d3%2FIMG_0283.JPG?alt=media&token=1ffbf3d4-e4d5-4d20-8794-0f102bb8974e,"{""hello"":[[{""x"":196,""y"":174},{""x"":196,""y"":112},{""x"":226,""y"":112},{""x"":226,""y"":174}]]}",yueyingteng@gmail.com,resized_hello,1529913863000,6.053,,
cjitz7shc0pmb0721vun6dtyf,https://firebasestorage.googleapis.com/v0/b/labelbox-193903.appspot.com/o/cji1s2pde32fd0710rcjl72g4%2F20c06351-1846-47cb-83ac-7718be5f85d3%2FIMG_0284.JPG?alt=media&token=94b15118-3cf3-486c-bc24-4c8ea6635cec,"{""hello"":[[{""x"":214,""y"":145},{""x"":214,""y"":98},{""x"":235,""y"":98},{""x"":235,""y"":145}]]}",yueyingteng@gmail.com,resized_hello,1529913869000,5.717,,
cjitz7x3q0pnf0721i3uxgccm,https://firebasestorage.googleapis.com/v0/b/labelbox-193903.appspot.com/o/cji1s2pde32fd0710rcjl72g4%2F20c06351-1846-47cb-83ac-7718be5f85d3%2FIMG_0285.JPG?alt=media&token=332c5825-d415-4750-85e1-2eb4c940c42e,"{""hello"":[[{""x"":219,""y"":175},{""x"":219,""y"":69},{""x"":248,""y"":69},{""x"":248,""y"":175}]]}",yueyingteng@gmail.com,resized_hello,1529913875000,6.009,,
cjitz81q40vtr0749gvv8a0jv,https://firebasestorage.googleapis.com/v0/b/labelbox-193903.appspot.com/o/cji1s2pde32fd0710rcjl72g4%2F20c06351-1846-47cb-83ac-7718be5f85d3%2FIMG_0286.JPG?alt=media&token=2bac6d61-4cde-4e5e-98e5-6d35286d87d9,"{""hello"":[[{""x"":219,""y"":170},{""x"":219,""y"":91},{""x"":244,""y"":91},{""x"":244,""y"":170}]]}",yueyingteng@gmail.com,resized_hello,1529913881000,5.958,,
cjitz85xt0pos0721057688b2,https://firebasestorage.googleapis.com/v0/b/labelbox-193903.appspot.com/o/cji1s2pde32fd0710rcjl72g4%2F20c06351-1846-47cb-83ac-7718be5f85d3%2FIMG_0287.JPG?alt=media&token=44d12b9c-1d7b-4250-a0d5-cc87234548b3,"{""hello"":[[{""x"":207,""y"":162},{""x"":207,""y"":109},{""x"":231,""y"":109},{""x"":231,""y"":162}]]}",yueyingteng@gmail.com,resized_hello,1529913887000,5.515,,
cjitz8f720pqw0721fdo8w3up,https://firebasestorage.googleapis.com/v0/b/labelbox-193903.appspot.com/o/cji1s2pde32fd0710rcjl72g4%2F20c06351-1846-47cb-83ac-7718be5f85d3%2FIMG_0288.JPG?alt=media&token=04a0133e-2645-4b44-828a-6b7f2a7aef9a,"{""hello"":[[{""x"":182,""y"":177},{""x"":182,""y"":79},{""x"":205,""y"":79},{""x"":205,""y"":177}]]}",yueyingteng@gmail.com,resized_hello,1529913899000,11.442,,
cjitz8in00prt0721zuoxz3r5,https://firebasestorage.googleapis.com/v0/b/labelbox-193903.appspot.com/o/cji1s2pde32fd0710rcjl72g4%2F20c06351-1846-47cb-83ac-7718be5f85d3%2FIMG_0289.JPG?alt=media&token=e99144fd-e4d2-4fa9-8d93-2baea180fb8d,"{""hello"":[[{""x"":189,""y"":157},{""x"":189,""y"":103},{""x"":216,""y"":103},{""x"":216,""y"":157}]]}",yueyingteng@gmail.com,resized_hello,1529913903000,5.331,,
cjitz8mzj0vy30749gyt8r7tt,https://firebasestorage.googleapis.com/v0/b/labelbox-193903.appspot.com/o/cji1s2pde32fd0710rcjl72g4%2F20c06351-1846-47cb-83ac-7718be5f85d3%2FIMG_0297.JPG?alt=media&token=536cbe5b-6957-4415-b149-912a4783a37b,"{""hello"":[[{""x"":223,""y"":165},{""x"":223,""y"":51},{""x"":254,""y"":51},{""x"":254,""y"":165}]]}",yueyingteng@gmail.com,resized_hello,1529913909000,5.229,,
cjitz8qn70vyw0749tegkzvgy,https://firebasestorage.googleapis.com/v0/b/labelbox-193903.appspot.com/o/cji1s2pde32fd0710rcjl72g4%2F20c06351-1846-47cb-83ac-7718be5f85d3%2FIMG_0298.JPG?alt=media&token=c3fbd1eb-51d4-4b11-b997-9505e8d1de3b,"{""hello"":[[{""x"":224,""y"":148},{""x"":224,""y"":95},{""x"":252,""y"":95},{""x"":252,""y"":148}]]}",yueyingteng@gmail.com,resized_hello,1529913913000,5.028,,
cjitz8ury0vzg0749hblg3c7a,https://firebasestorage.googleapis.com/v0/b/labelbox-193903.appspot.com/o/cji1s2pde32fd0710rcjl72g4%2F20c06351-1846-47cb-83ac-7718be5f85d3%2FIMG_0299.JPG?alt=media&token=149d3ff3-9ce3-4b02-bf06-46a5a4b43e6d,"{""hello"":[[{""x"":220,""y"":174},{""x"":220,""y"":68},{""x"":248,""y"":68},{""x"":248,""y"":174}]]}",yueyingteng@gmail.com,resized_hello,1529913919000,4.971,,
cjitz8y8r0puw0721tcz6k6c8,https://firebasestorage.googleapis.com/v0/b/labelbox-193903.appspot.com/o/cji1s2pde32fd0710rcjl72g4%2F20c06351-1846-47cb-83ac-7718be5f85d3%2FIMG_0300.JPG?alt=media&token=0a7b1df8-d6ca-4ebb-abdc-c3c720afb00a,"{""hello"":[[{""x"":169,""y"":190},{""x"":169,""y"":56},{""x"":199,""y"":56},{""x"":199,""y"":190}]]}",yueyingteng@gmail.com,resized_hello,1529913923000,4.867,,
cjitz91et0pvj0721th59piv1,https://firebasestorage.googleapis.com/v0/b/labelbox-193903.appspot.com/o/cji1s2pde32fd0710rcjl72g4%2F20c06351-1846-47cb-83ac-7718be5f85d3%2FIMG_0301.JPG?alt=media&token=aedadba9-b9fc-41c6-8f44-a05cfdcf4672,"{""hello"":[[{""x"":194,""y"":174},{""x"":194,""y"":73},{""x"":218,""y"":73},{""x"":218,""y"":174}]]}",yueyingteng@gmail.com,resized_hello,1529913927000,3.905,,
cjitz94c70w1b07492uzy0el7,https://firebasestorage.googleapis.com/v0/b/labelbox-193903.appspot.com/o/cji1s2pde32fd0710rcjl72g4%2F20c06351-1846-47cb-83ac-7718be5f85d3%2FIMG_0302.JPG?alt=media&token=5acf6b6f-041c-439e-8aac-4e32f73c91ef,"{""hello"":[[{""x"":225,""y"":160},{""x"":225,""y"":105},{""x"":250,""y"":105},{""x"":250,""y"":160}]]}",yueyingteng@gmail.com,resized_hello,1529913931000,3.966,,
cjitz97ld0w1m074951zbo2ao,https://firebasestorage.googleapis.com/v0/b/labelbox-193903.appspot.com/o/cji1s2pde32fd0710rcjl72g4%2F20c06351-1846-47cb-83ac-7718be5f85d3%2FIMG_0303.JPG?alt=media&token=f5975383-a860-4efc-be51-96fc1c2fd333,"{""hello"":[[{""x"":217,""y"":175},{""x"":217,""y"":131},{""x"":241,""y"":131},{""x"":241,""y"":175}]]}",yueyingteng@gmail.com,resized_hello,1529913935000,4.048,,
cjitz9bbf0w2d0749t233tcpq,https://firebasestorage.googleapis.com/v0/b/labelbox-193903.appspot.com/o/cji1s2pde32fd0710rcjl72g4%2F20c06351-1846-47cb-83ac-7718be5f85d3%2FIMG_0304.JPG?alt=media&token=e9a535d8-462a-40e3-9f9d-e1d1a9709d7e,"{""hello"":[[{""x"":233,""y"":166},{""x"":233,""y"":93},{""x"":261,""y"":93},{""x"":261,""y"":166}]]}",yueyingteng@gmail.com,resized_hello,1529913940000,4.954,,
cjitzaug50q2t07214zk1uv61,https://firebasestorage.googleapis.com/v0/b/labelbox-193903.appspot.com/o/cji1s2pde32fd0710rcjl72g4%2F20c06351-1846-47cb-83ac-7718be5f85d3%2FIMG_0306.JPG?alt=media&token=0f7aa7c7-f004-4130-8599-6a74d7e0085f,"{""hello"":[[{""x"":206,""y"":170},{""x"":206,""y"":117},{""x"":236,""y"":117},{""x"":236,""y"":170}]]}",yueyingteng@gmail.com,resized_hello,1529914012000,71.266,,
cjitzb1590w9q07493ey1ygw3,https://firebasestorage.googleapis.com/v0/b/labelbox-193903.appspot.com/o/cji1s2pde32fd0710rcjl72g4%2F20c06351-1846-47cb-83ac-7718be5f85d3%2FIMG_0318.JPG?alt=media&token=95fd9578-80af-40ed-ab0f-c6bcb5158d26,"{""hello"":[[{""x"":219,""y"":166},{""x"":219,""y"":111},{""x"":245,""y"":111},{""x"":245,""y"":166}]]}",yueyingteng@gmail.com,resized_hello,1529914020000,8.743,,
cjitzb4kd0wa707498yd6t5sb,https://firebasestorage.googleapis.com/v0/b/labelbox-193903.appspot.com/o/cji1s2pde32fd0710rcjl72g4%2F20c06351-1846-47cb-83ac-7718be5f85d3%2FIMG_0319.JPG?alt=media&token=86050ba6-540f-4b74-b4f4-6d66bb01079a,"{""hello"":[[{""x"":257,""y"":152},{""x"":257,""y"":102},{""x"":280,""y"":102},{""x"":280,""y"":152}]]}",yueyingteng@gmail.com,resized_hello,1529914025000,4.571,,
cjitzb7v00q4h07212ftu2yuk,https://firebasestorage.googleapis.com/v0/b/labelbox-193903.appspot.com/o/cji1s2pde32fd0710rcjl72g4%2F20c06351-1846-47cb-83ac-7718be5f85d3%2FIMG_0326.JPG?alt=media&token=e0f31587-867c-4819-8660-129d3322a5a5,"{""hello"":[[{""x"":214,""y"":144},{""x"":214,""y"":89},{""x"":242,""y"":89},{""x"":242,""y"":144}]]}",yueyingteng@gmail.com,resized_hello,1529914029000,4.111,,
cjitzbd8e0wbn0749q97bb3t3,https://firebasestorage.googleapis.com/v0/b/labelbox-193903.appspot.com/o/cji1s2pde32fd0710rcjl72g4%2F20c06351-1846-47cb-83ac-7718be5f85d3%2FIMG_0328.JPG?alt=media&token=6eacb0fb-5144-4752-abb7-8f5c198941ce,"{""hello"":[[{""x"":244,""y"":140},{""x"":244,""y"":100},{""x"":268,""y"":100},{""x"":268,""y"":140}]]}",yueyingteng@gmail.com,resized_hello,1529914036000,7.009,,
cjitzbg2h0wc80749dtan7n0i,https://firebasestorage.googleapis.com/v0/b/labelbox-193903.appspot.com/o/cji1s2pde32fd0710rcjl72g4%2F20c06351-1846-47cb-83ac-7718be5f85d3%2FIMG_0329.JPG?alt=media&token=72b656fe-fbbf-4d4b-8e87-c20599b0adf2,"{""hello"":[[{""x"":245,""y"":136},{""x"":245,""y"":100},{""x"":268,""y"":100},{""x"":268,""y"":136}]]}",yueyingteng@gmail.com,resized_hello,1529914040000,3.782,,
cjitzbmtb0wd30749zxzxvcbt,https://firebasestorage.googleapis.com/v0/b/labelbox-193903.appspot.com/o/cji1s2pde32fd0710rcjl72g4%2F20c06351-1846-47cb-83ac-7718be5f85d3%2FIMG_0333.JPG?alt=media&token=b4c46113-7556-4407-a486-f8061d82ab9d,"{""hello"":[[{""x"":196,""y"":82},{""x"":196,""y"":189},{""x"":224,""y"":189},{""x"":224,""y"":81}]]}",yueyingteng@gmail.com,resized_hello,1529914048000,8.559,,
cjitzbthq0q6v0721l75dgn1k,https://firebasestorage.googleapis.com/v0/b/labelbox-193903.appspot.com/o/cji1s2pde32fd0710rcjl72g4%2F20c06351-1846-47cb-83ac-7718be5f85d3%2FIMG_0335.JPG?alt=media&token=0577dea4-25d8-4cda-9e1a-49da13a8497d,"{""hello"":[[{""x"":231,""y"":129},{""x"":204,""y"":129},{""x"":204,""y"":69},{""x"":231,""y"":69}]]}",yueyingteng@gmail.com,resized_hello,1529914057000,8.657,,
cjitzbww50we80749is7v5vp8,https://firebasestorage.googleapis.com/v0/b/labelbox-193903.appspot.com/o/cji1s2pde32fd0710rcjl72g4%2F20c06351-1846-47cb-83ac-7718be5f85d3%2FIMG_0336.JPG?alt=media&token=ef9a9c91-e04d-4b52-b346-9c40e7f5f9f3,"{""hello"":[[{""x"":218,""y"":160},{""x"":218,""y"":42},{""x"":248,""y"":42},{""x"":248,""y"":160}]]}",yueyingteng@gmail.com,resized_hello,1529914062000,4.572,,
cjitzc0u90q8j0721uctet3gk,https://firebasestorage.googleapis.com/v0/b/labelbox-193903.appspot.com/o/cji1s2pde32fd0710rcjl72g4%2F20c06351-1846-47cb-83ac-7718be5f85d3%2FIMG_0338.JPG?alt=media&token=70d23f0b-c7d9-4b1b-a5cd-dcbab05055c2,"{""hello"":[[{""x"":219,""y"":146},{""x"":219,""y"":51},{""x"":246,""y"":51},{""x"":246,""y"":146}]]}",yueyingteng@gmail.com,resized_hello,1529914067000,4.825,,
cjitzc46h0wge0749qir3wgnn,https://firebasestorage.googleapis.com/v0/b/labelbox-193903.appspot.com/o/cji1s2pde32fd0710rcjl72g4%2F20c06351-1846-47cb-83ac-7718be5f85d3%2FIMG_0340.JPG?alt=media&token=9d2dc3ac-fe12-49df-98df-5d0a1c06b47f,"{""hello"":[[{""x"":229,""y"":121},{""x"":229,""y"":70},{""x"":254,""y"":70},{""x"":254,""y"":121}]]}",yueyingteng@gmail.com,resized_hello,1529914071000,4.658,,
cjitzc78l0wgw07497r077lfw,https://firebasestorage.googleapis.com/v0/b/labelbox-193903.appspot.com/o/cji1s2pde32fd0710rcjl72g4%2F20c06351-1846-47cb-83ac-7718be5f85d3%2FIMG_0342.JPG?alt=media&token=d11c59b8-5f7b-445c-bde6-47a635ecf9c1,"{""hello"":[[{""x"":220,""y"":123},{""x"":220,""y"":69},{""x"":246,""y"":69},{""x"":246,""y"":123}]]}",yueyingteng@gmail.com,resized_hello,1529914075000,3.712,,
cjitzcf9r0wig07492hhkpm22,https://firebasestorage.googleapis.com/v0/b/labelbox-193903.appspot.com/o/cji1s2pde32fd0710rcjl72g4%2F20c06351-1846-47cb-83ac-7718be5f85d3%2FIMG_0344.JPG?alt=media&token=da6cf03f-87a3-4923-90aa-46c065d8f089,"{""hello"":[[{""x"":214,""y"":152},{""x"":188,""y"":152},{""x"":188,""y"":43},{""x"":214,""y"":43}]]}",yueyingteng@gmail.com,resized_hello,1529914085000,10.392,,
cjitzcivv0wkb0749ftdvxg37,https://firebasestorage.googleapis.com/v0/b/labelbox-193903.appspot.com/o/cji1s2pde32fd0710rcjl72g4%2F20c06351-1846-47cb-83ac-7718be5f85d3%2FIMG_0346.JPG?alt=media&token=b9290743-e4f0-4840-8db0-15924a8067f8,"{""hello"":[[{""x"":227,""y"":113},{""x"":227,""y"":56},{""x"":252,""y"":56},{""x"":252,""y"":113}]]}",yueyingteng@gmail.com,resized_hello,1529914090000,4.987,,
cjitzcmnh0qeu0721xu1n7j5d,https://firebasestorage.googleapis.com/v0/b/labelbox-193903.appspot.com/o/cji1s2pde32fd0710rcjl72g4%2F20c06351-1846-47cb-83ac-7718be5f85d3%2FIMG_0348.JPG?alt=media&token=e163fc56-f4e3-49b8-843c-b5a52cd6d025,"{""hello"":[[{""x"":224,""y"":119},{""x"":224,""y"":64},{""x"":251,""y"":64},{""x"":251,""y"":119}]]}",yueyingteng@gmail.com,resized_hello,1529914095000,4.662,,
cjitzcp9k0qfs0721rsu1togl,https://firebasestorage.googleapis.com/v0/b/labelbox-193903.appspot.com/o/cji1s2pde32fd0710rcjl72g4%2F20c06351-1846-47cb-83ac-7718be5f85d3%2FIMG_0351.JPG?alt=media&token=f0c377a0-c2f1-4910-a43b-9e36a5e83aea,"{""hello"":[[{""x"":219,""y"":141},{""x"":219,""y"":83},{""x"":244,""y"":83},{""x"":244,""y"":141}]]}",yueyingteng@gmail.com,resized_hello,1529914098000,3.555,,
cjitzcsiu0qh50721ut8l6s0n,https://firebasestorage.googleapis.com/v0/b/labelbox-193903.appspot.com/o/cji1s2pde32fd0710rcjl72g4%2F20c06351-1846-47cb-83ac-7718be5f85d3%2FIMG_0352.JPG?alt=media&token=3e87310a-d534-4734-9a63-8f0677922c6e,"{""hello"":[[{""x"":190,""y"":160},{""x"":190,""y"":57},{""x"":213,""y"":57},{""x"":213,""y"":160}]]}",yueyingteng@gmail.com,resized_hello,1529914102000,4.097,,
cjitzcxcx0wnb0749inlwp6o6,https://firebasestorage.googleapis.com/v0/b/labelbox-193903.appspot.com/o/cji1s2pde32fd0710rcjl72g4%2F20c06351-1846-47cb-83ac-7718be5f85d3%2FIMG_0355.JPG?alt=media&token=9d7d7e0c-ea1e-4849-afa2-782ee837673e,"{""hello"":[[{""x"":217,""y"":174},{""x"":217,""y"":99},{""x"":245,""y"":99},{""x"":245,""y"":174}]]}",yueyingteng@gmail.com,resized_hello,1529914109000,6.16,,
cjitzd0xw0wo30749zgg1xe05,https://firebasestorage.googleapis.com/v0/b/labelbox-193903.appspot.com/o/cji1s2pde32fd0710rcjl72g4%2F20c06351-1846-47cb-83ac-7718be5f85d3%2FIMG_0358.JPG?alt=media&token=c159cd34-c92c-406c-884e-2f190667cff5,"{""hello"":[[{""x"":191,""y"":165},{""x"":191,""y"":106},{""x"":219,""y"":106},{""x"":219,""y"":165}]]}",yueyingteng@gmail.com,resized_hello,1529914113000,4.788,,
cjitzd52u0wp1074967rw6bvs,https://firebasestorage.googleapis.com/v0/b/labelbox-193903.appspot.com/o/cji1s2pde32fd0710rcjl72g4%2F20c06351-1846-47cb-83ac-7718be5f85d3%2FIMG_0360.JPG?alt=media&token=38c36c01-5048-4208-8838-218ee6811068,"{""hello"":[[{""x"":192,""y"":149},{""x"":192,""y"":92},{""x"":218,""y"":92},{""x"":218,""y"":149}]]}",yueyingteng@gmail.com,resized_hello,1529914119000,4.754,,
cjitzd81f0wph0749jlh2ny3x,https://firebasestorage.googleapis.com/v0/b/labelbox-193903.appspot.com/o/cji1s2pde32fd0710rcjl72g4%2F20c06351-1846-47cb-83ac-7718be5f85d3%2FIMG_0362.JPG?alt=media&token=c1505ddf-bcc3-4b5c-89d6-7ea8fc0971ff,"{""hello"":[[{""x"":192,""y"":147},{""x"":192,""y"":94},{""x"":219,""y"":94},{""x"":219,""y"":147}]]}",yueyingteng@gmail.com,resized_hello,1529914123000,4.263,,
cjitzdbe60ql70721jamwoolb,https://firebasestorage.googleapis.com/v0/b/labelbox-193903.appspot.com/o/cji1s2pde32fd0710rcjl72g4%2F20c06351-1846-47cb-83ac-7718be5f85d3%2FIMG_0364.JPG?alt=media&token=2e276edc-d974-4247-9551-a34b282bf549,"{""hello"":[[{""x"":191,""y"":154},{""x"":191,""y"":95},{""x"":220,""y"":95},{""x"":220,""y"":154}]]}",yueyingteng@gmail.com,resized_hello,1529914127000,4.432,,
cjitzdevt0qm50721akux0rpe,https://firebasestorage.googleapis.com/v0/b/labelbox-193903.appspot.com/o/cji1s2pde32fd0710rcjl72g4%2F20c06351-1846-47cb-83ac-7718be5f85d3%2FIMG_0365.JPG?alt=media&token=a9509e64-7de1-4705-a6cc-ecffa485391e,"{""hello"":[[{""x"":165,""y"":188},{""x"":165,""y"":81},{""x"":189,""y"":81},{""x"":189,""y"":188}]]}",yueyingteng@gmail.com,resized_hello,1529914131000,4.659,,
cjitzdich0qn90721tlnobq5z,https://firebasestorage.googleapis.com/v0/b/labelbox-193903.appspot.com/o/cji1s2pde32fd0710rcjl72g4%2F20c06351-1846-47cb-83ac-7718be5f85d3%2FIMG_0367.JPG?alt=media&token=6defcb47-accb-41f2-b62b-b54919dcec97,"{""hello"":[[{""x"":195,""y"":157},{""x"":195,""y"":102},{""x"":220,""y"":102},{""x"":220,""y"":157}]]}",yueyingteng@gmail.com,resized_hello,1529914136000,4.303,,
cjitzdlaq0wqz0749tfkhw520,https://firebasestorage.googleapis.com/v0/b/labelbox-193903.appspot.com/o/cji1s2pde32fd0710rcjl72g4%2F20c06351-1846-47cb-83ac-7718be5f85d3%2FIMG_0369.JPG?alt=media&token=5c82e0d6-2ad4-4dd3-b69b-42b1a521cd92,"{""hello"":[[{""x"":196,""y"":154},{""x"":196,""y"":100},{""x"":222,""y"":100},{""x"":222,""y"":154}]]}",yueyingteng@gmail.com,resized_hello,1529914140000,3.986,,
cjitzdomd0qop0721a7fatgla,https://firebasestorage.googleapis.com/v0/b/labelbox-193903.appspot.com/o/cji1s2pde32fd0710rcjl72g4%2F20c06351-1846-47cb-83ac-7718be5f85d3%2FIMG_0371.JPG?alt=media&token=c11a31a0-1842-4c8c-a009-ae146523f4f5,"{""hello"":[[{""x"":199,""y"":172},{""x"":199,""y"":85},{""x"":228,""y"":85},{""x"":228,""y"":172}]]}",yueyingteng@gmail.com,resized_hello,1529914144000,4.188,,
cjitzdr5o0qpj072119q1zg1j,https://firebasestorage.googleapis.com/v0/b/labelbox-193903.appspot.com/o/cji1s2pde32fd0710rcjl72g4%2F20c06351-1846-47cb-83ac-7718be5f85d3%2FIMG_0373.JPG?alt=media&token=d8415d81-905e-42c2-b829-89d250fdcca6,"{""hello"":[[{""x"":204,""y"":153},{""x"":204,""y"":99},{""x"":235,""y"":99},{""x"":235,""y"":153}]]}",yueyingteng@gmail.com,resized_hello,1529914147000,3.466,,
cjitzdu620qr20721fybov4de,https://firebasestorage.googleapis.com/v0/b/labelbox-193903.appspot.com/o/cji1s2pde32fd0710rcjl72g4%2F20c06351-1846-47cb-83ac-7718be5f85d3%2FIMG_0375.JPG?alt=media&token=22e06d11-3152-4d1d-b58d-3e750a477263,"{""hello"":[[{""x"":202,""y"":151},{""x"":202,""y"":93},{""x"":229,""y"":93},{""x"":229,""y"":151}]]}",yueyingteng@gmail.com,resized_hello,1529914151000,3.757,,
cjitzdx800qs00721929q84tc,https://firebasestorage.googleapis.com/v0/b/labelbox-193903.appspot.com/o/cji1s2pde32fd0710rcjl72g4%2F20c06351-1846-47cb-83ac-7718be5f85d3%2FIMG_0376.JPG?alt=media&token=6ecd3bb6-9588-48e7-b45c-70e91e36f7f5,"{""hello"":[[{""x"":199,""y"":151},{""x"":199,""y"":97},{""x"":224,""y"":97},{""x"":224,""y"":151}]]}",yueyingteng@gmail.com,resized_hello,1529914155000,4.116,,
cjitze12y0qt60721snxnjlq9,https://firebasestorage.googleapis.com/v0/b/labelbox-193903.appspot.com/o/cji1s2pde32fd0710rcjl72g4%2F20c06351-1846-47cb-83ac-7718be5f85d3%2FIMG_0377.JPG?alt=media&token=78a34aa3-bb56-4259-a4e0-571e6500c452,"{""hello"":[[{""x"":163,""y"":181},{""x"":163,""y"":72},{""x"":192,""y"":72},{""x"":192,""y"":181}]]}",yueyingteng@gmail.com,resized_hello,1529914160000,4.813,,
cjitze6v60ww90749dvix6fb9,https://firebasestorage.googleapis.com/v0/b/labelbox-193903.appspot.com/o/cji1s2pde32fd0710rcjl72g4%2F20c06351-1846-47cb-83ac-7718be5f85d3%2FIMG_0379.JPG?alt=media&token=db57b26e-789e-4dfe-b9fb-8d38947f203a,"{""hello"":[[{""x"":216,""y"":155},{""x"":191,""y"":156},{""x"":191,""y"":98},{""x"":216,""y"":98}]]}",yueyingteng@gmail.com,resized_hello,1529914168000,7.496,,
cjitzeadk0qvz0721719zxmdj,https://firebasestorage.googleapis.com/v0/b/labelbox-193903.appspot.com/o/cji1s2pde32fd0710rcjl72g4%2F20c06351-1846-47cb-83ac-7718be5f85d3%2FIMG_0380.JPG?alt=media&token=76919335-5bd3-4e73-b973-86b8baeaf461,"{""hello"":[[{""x"":176,""y"":190},{""x"":176,""y"":107},{""x"":196,""y"":107},{""x"":196,""y"":190}]]}",yueyingteng@gmail.com,resized_hello,1529914172000,4.747,,
cjitzeefu0wyz0749zco9j9vp,https://firebasestorage.googleapis.com/v0/b/labelbox-193903.appspot.com/o/cji1s2pde32fd0710rcjl72g4%2F20c06351-1846-47cb-83ac-7718be5f85d3%2FIMG_0381.JPG?alt=media&token=391eff75-5a63-4933-b275-259856604bdd,"{""hello"":[[{""x"":184,""y"":161},{""x"":184,""y"":117},{""x"":206,""y"":117},{""x"":206,""y"":161}]]}",yueyingteng@gmail.com,resized_hello,1529914178000,5.047,,
cjitzehle0wzn0749usoylhtv,https://firebasestorage.googleapis.com/v0/b/labelbox-193903.appspot.com/o/cji1s2pde32fd0710rcjl72g4%2F20c06351-1846-47cb-83ac-7718be5f85d3%2FIMG_0382.JPG?alt=media&token=3c808d24-3479-44e3-b4ea-ad1fa7a73466,"{""hello"":[[{""x"":187,""y"":155},{""x"":187,""y"":111},{""x"":207,""y"":111},{""x"":207,""y"":155}]]}",yueyingteng@gmail.com,resized_hello,1529914182000,4.112,,
cjitzelyr0x040749dmujxibk,https://firebasestorage.googleapis.com/v0/b/labelbox-193903.appspot.com/o/cji1s2pde32fd0710rcjl72g4%2F20c06351-1846-47cb-83ac-7718be5f85d3%2FIMG_0388.JPG?alt=media&token=b77597b8-4745-413f-aa70-36fb8ff5b2fe,"{""hello"":[[{""x"":186,""y"":151},{""x"":186,""y"":101},{""x"":215,""y"":101},{""x"":215,""y"":151}]]}",yueyingteng@gmail.com,resized_hello,1529914187000,5.482,,
cjitzeoqy0x0p0749hbmrsxna,https://firebasestorage.googleapis.com/v0/b/labelbox-193903.appspot.com/o/cji1s2pde32fd0710rcjl72g4%2F20c06351-1846-47cb-83ac-7718be5f85d3%2FIMG_0390.JPG?alt=media&token=4438cc4d-a51c-49ed-b077-92518e5d7416,"{""hello"":[[{""x"":192,""y"":179},{""x"":192,""y"":75},{""x"":218,""y"":75},{""x"":218,""y"":179}]]}",yueyingteng@gmail.com,resized_hello,1529914191000,4.004,,
cjitzevuu0r0n0721f7p1uzh1,https://firebasestorage.googleapis.com/v0/b/labelbox-193903.appspot.com/o/cji1s2pde32fd0710rcjl72g4%2F20c06351-1846-47cb-83ac-7718be5f85d3%2FIMG_0392.JPG?alt=media&token=7d059fe5-3172-480c-976f-201649856e6f,"{""hello"":[[{""x"":209,""y"":148},{""x"":185,""y"":148},{""x"":184,""y"":96},{""x"":209,""y"":96}]]}",yueyingteng@gmail.com,resized_hello,1529914200000,8.945,,
cjitzeyzu0r1c0721aeb0ifoj,https://firebasestorage.googleapis.com/v0/b/labelbox-193903.appspot.com/o/cji1s2pde32fd0710rcjl72g4%2F20c06351-1846-47cb-83ac-7718be5f85d3%2FIMG_0403.JPG?alt=media&token=de87e1ca-c152-4ed0-8715-cf4fe9133b6a,"{""hello"":[[{""x"":185,""y"":169},{""x"":185,""y"":126},{""x"":211,""y"":126},{""x"":211,""y"":169}]]}",yueyingteng@gmail.com,resized_hello,1529914204000,4.279,,
cjitzf2jq0x4t0749nyuaeov3,https://firebasestorage.googleapis.com/v0/b/labelbox-193903.appspot.com/o/cji1s2pde32fd0710rcjl72g4%2F20c06351-1846-47cb-83ac-7718be5f85d3%2FIMG_0405.JPG?alt=media&token=75337547-5f45-4ba8-88df-30d0b2deaf58,"{""hello"":[[{""x"":142,""y"":210},{""x"":142,""y"":61},{""x"":176,""y"":61},{""x"":176,""y"":210}]]}",yueyingteng@gmail.com,resized_hello,1529914209000,4.415,,
cjitzf5ob0r2e0721fn7gsr68,https://firebasestorage.googleapis.com/v0/b/labelbox-193903.appspot.com/o/cji1s2pde32fd0710rcjl72g4%2F20c06351-1846-47cb-83ac-7718be5f85d3%2FIMG_0407.JPG?alt=media&token=c9f0b24a-6a6a-4305-871b-80f76aa18bb4,"{""hello"":[[{""x"":174,""y"":185},{""x"":174,""y"":131},{""x"":205,""y"":131},{""x"":205,""y"":185}]]}",yueyingteng@gmail.com,resized_hello,1529914213000,4.25,,
cjitzf8zh0x5u0749ke80xpgu,https://firebasestorage.googleapis.com/v0/b/labelbox-193903.appspot.com/o/cji1s2pde32fd0710rcjl72g4%2F20c06351-1846-47cb-83ac-7718be5f85d3%2FIMG_0408.JPG?alt=media&token=0224f401-ea8e-4a6e-83c6-cad7c0b98c77,"{""hello"":[[{""x"":198,""y"":151},{""x"":198,""y"":115},{""x"":222,""y"":115},{""x"":222,""y"":151}]]}",yueyingteng@gmail.com,resized_hello,1529914217000,4.122,,
cjitzfc1k0r3b0721v2yv8cfg,https://firebasestorage.googleapis.com/v0/b/labelbox-193903.appspot.com/o/cji1s2pde32fd0710rcjl72g4%2F20c06351-1846-47cb-83ac-7718be5f85d3%2FIMG_0411.JPG?alt=media&token=3c4ba2d6-10a4-4858-ab61-7ab12d630223,"{""hello"":[[{""x"":209,""y"":153},{""x"":209,""y"":105},{""x"":232,""y"":105},{""x"":232,""y"":153}]]}",yueyingteng@gmail.com,resized_hello,1529914221000,3.989,,
cjitzffo80r400721zleoqlf8,https://firebasestorage.googleapis.com/v0/b/labelbox-193903.appspot.com/o/cji1s2pde32fd0710rcjl72g4%2F20c06351-1846-47cb-83ac-7718be5f85d3%2FIMG_0427.JPG?alt=media&token=50b06c90-1563-403d-b005-93b255362fe4,"{""hello"":[[{""x"":204,""y"":139},{""x"":204,""y"":66},{""x"":231,""y"":66},{""x"":231,""y"":139}]]}",yueyingteng@gmail.com,resized_hello,1529914226000,4.56,,
cjitzfl450x7b0749sozav6gn,https://firebasestorage.googleapis.com/v0/b/labelbox-193903.appspot.com/o/cji1s2pde32fd0710rcjl72g4%2F20c06351-1846-47cb-83ac-7718be5f85d3%2FIMG_0428.JPG?alt=media&token=03dd279c-f912-4a60-a3cf-ed2932890f5b,"{""hello"":[[{""x"":230,""y"":177},{""x"":202,""y"":177},{""x"":202,""y"":85},{""x"":230,""y"":85}]]}",yueyingteng@gmail.com,resized_hello,1529914233000,7.057,,
cjitzfo1i0r4y07212gjwukny,https://firebasestorage.googleapis.com/v0/b/labelbox-193903.appspot.com/o/cji1s2pde32fd0710rcjl72g4%2F20c06351-1846-47cb-83ac-7718be5f85d3%2FIMG_0443.JPG?alt=media&token=bda5f312-7bef-479d-ae07-a2784190b46f,"{""hello"":[[{""x"":182,""y"":156},{""x"":182,""y"":105},{""x"":211,""y"":105},{""x"":211,""y"":156}]]}",yueyingteng@gmail.com,resized_hello,1529914237000,3.899,,
cjitzfrbf0r5s07216olb9xgk,https://firebasestorage.googleapis.com/v0/b/labelbox-193903.appspot.com/o/cji1s2pde32fd0710rcjl72g4%2F20c06351-1846-47cb-83ac-7718be5f85d3%2FIMG_0446.JPG?alt=media&token=b00e1548-49a4-4cbc-9ffe-25a02a1c70f2,"{""hello"":[[{""x"":183,""y"":176},{""x"":183,""y"":120},{""x"":208,""y"":120},{""x"":208,""y"":176}]]}",yueyingteng@gmail.com,resized_hello,1529914241000,4.247,,
cjitzfug50x8m0749n3arrqip,https://firebasestorage.googleapis.com/v0/b/labelbox-193903.appspot.com/o/cji1s2pde32fd0710rcjl72g4%2F20c06351-1846-47cb-83ac-7718be5f85d3%2FIMG_0449.JPG?alt=media&token=46ac86c6-1ff3-4689-abff-6bc2d0092e0f,"{""hello"":[[{""x"":177,""y"":171},{""x"":177,""y"":131},{""x"":205,""y"":131},{""x"":205,""y"":171}]]}",yueyingteng@gmail.com,resized_hello,1529914245000,3.681,,
cjitzfxxc0x9407492kb45n0k,https://firebasestorage.googleapis.com/v0/b/labelbox-193903.appspot.com/o/cji1s2pde32fd0710rcjl72g4%2F20c06351-1846-47cb-83ac-7718be5f85d3%2FIMG_0450.JPG?alt=media&token=3a82b515-88d6-45ed-bbbc-aab3206d899c,"{""hello"":[[{""x"":152,""y"":195},{""x"":152,""y"":78},{""x"":181,""y"":78},{""x"":181,""y"":195}]]}",yueyingteng@gmail.com,resized_hello,1529914250000,4.697,,
cjitzg1sx0r6u07211am5xzhr,https://firebasestorage.googleapis.com/v0/b/labelbox-193903.appspot.com/o/cji1s2pde32fd0710rcjl72g4%2F20c06351-1846-47cb-83ac-7718be5f85d3%2FIMG_0464.JPG?alt=media&token=4c1abba0-17a3-4c65-8ea5-a070b49cc171,"{""hello"":[[{""x"":183,""y"":160},{""x"":183,""y"":104},{""x"":206,""y"":104},{""x"":206,""y"":160}]]}",yueyingteng@gmail.com,resized_hello,1529914255000,5.216,,
cjitzg4k60r780721y7m6hpcr,https://firebasestorage.googleapis.com/v0/b/labelbox-193903.appspot.com/o/cji1s2pde32fd0710rcjl72g4%2F20c06351-1846-47cb-83ac-7718be5f85d3%2FIMG_0466.JPG?alt=media&token=678bcc48-0540-47b4-a491-e8d615545f2e,"{""hello"":[[{""x"":180,""y"":173},{""x"":180,""y"":95},{""x"":208,""y"":95},{""x"":208,""y"":173}]]}",yueyingteng@gmail.com,resized_hello,1529914258000,3.424,,
cjitzg74k0r7p07213fsr62od,https://firebasestorage.googleapis.com/v0/b/labelbox-193903.appspot.com/o/cji1s2pde32fd0710rcjl72g4%2F20c06351-1846-47cb-83ac-7718be5f85d3%2FIMG_0468.JPG?alt=media&token=d6616dad-6134-413d-897e-34dc87ff7aee,"{""hello"":[[{""x"":181,""y"":183},{""x"":181,""y"":87},{""x"":211,""y"":87},{""x"":211,""y"":183}]]}",yueyingteng@gmail.com,resized_hello,1529914261000,3.504,,
cjitzgaj30xad0749uqp1xf3l,https://firebasestorage.googleapis.com/v0/b/labelbox-193903.appspot.com/o/cji1s2pde32fd0710rcjl72g4%2F20c06351-1846-47cb-83ac-7718be5f85d3%2FIMG_0471.JPG?alt=media&token=917f3799-1112-4d6f-91b0-ba148b4585dd,"{""hello"":[[{""x"":178,""y"":157},{""x"":178,""y"":101},{""x"":207,""y"":101},{""x"":207,""y"":157}]]}",yueyingteng@gmail.com,resized_hello,1529914266000,3.883,,
cjitzgcvh0r9c0721uofomvd8,https://firebasestorage.googleapis.com/v0/b/labelbox-193903.appspot.com/o/cji1s2pde32fd0710rcjl72g4%2F20c06351-1846-47cb-83ac-7718be5f85d3%2FIMG_0475.JPG?alt=media&token=4656d854-6f40-4c40-b365-5e929f061ee0,"{""hello"":[[{""x"":143,""y"":183},{""x"":143,""y"":74},{""x"":171,""y"":74},{""x"":171,""y"":183}]]}",yueyingteng@gmail.com,resized_hello,1529914269000,3.576,,
cjitzggcs0r9u07212td2pjkg,https://firebasestorage.googleapis.com/v0/b/labelbox-193903.appspot.com/o/cji1s2pde32fd0710rcjl72g4%2F20c06351-1846-47cb-83ac-7718be5f85d3%2FIMG_0478.JPG?alt=media&token=011e10ff-0dfe-4b64-805d-7e2ba6269f32,"{""hello"":[[{""x"":186,""y"":141},{""x"":186,""y"":86},{""x"":211,""y"":86},{""x"":211,""y"":141}]]}",yueyingteng@gmail.com,resized_hello,1529914273000,4.344,,
cjitzgk6c0xbt0749h75639ul,https://firebasestorage.googleapis.com/v0/b/labelbox-193903.appspot.com/o/cji1s2pde32fd0710rcjl72g4%2F20c06351-1846-47cb-83ac-7718be5f85d3%2FIMG_0480.JPG?alt=media&token=b77e904e-63b7-4045-a01f-918db804174a,"{""hello"":[[{""x"":164,""y"":174},{""x"":164,""y"":90},{""x"":194,""y"":90},{""x"":194,""y"":174}]]}",yueyingteng@gmail.com,resized_hello,1529914278000,5.187,,
cjitz4n0m0v6t07493uxelos3,https://firebasestorage.googleapis.com/v0/b/labelbox-193903.appspot.com/o/cji1s2pde32fd0710rcjl72g4%2F20c06351-1846-47cb-83ac-7718be5f85d3%2FIMG_0481.JPG?alt=media&token=94947398-4436-4a51-955f-5e587f9ef799,"{""hello"":[[{""x"":185,""y"":154},{""x"":185,""y"":100},{""x"":214,""y"":100},{""x"":214,""y"":154}]]}",yueyingteng@gmail.com,resized_hello,1529913722000,94.622,,
cjitzgqpr0xdo0749k2cf3cw6,https://firebasestorage.googleapis.com/v0/b/labelbox-193903.appspot.com/o/cji1s2pde32fd0710rcjl72g4%2F20c06351-1846-47cb-83ac-7718be5f85d3%2FIMG_0482.JPG?alt=media&token=8e264e82-ef37-4702-850d-ce5baf425955,"{""hello"":[[{""x"":178,""y"":157},{""x"":178,""y"":103},{""x"":210,""y"":103},{""x"":210,""y"":157}]]}",yueyingteng@gmail.com,resized_hello,1529914287000,3.482,,
cjitzgvbm0re70721zxkjoofp,https://firebasestorage.googleapis.com/v0/b/labelbox-193903.appspot.com/o/cji1s2pde32fd0710rcjl72g4%2F20c06351-1846-47cb-83ac-7718be5f85d3%2FIMG_0484.JPG?alt=media&token=d718589f-48b7-4db2-a34f-8bcdfa88a936,"{""hello"":[[{""x"":180,""y"":162},{""x"":180,""y"":107},{""x"":205,""y"":107},{""x"":205,""y"":162}]]}",yueyingteng@gmail.com,resized_hello,1529914293000,5.728,,
cjitzh0ik0xex0749nmfhiifz,https://firebasestorage.googleapis.com/v0/b/labelbox-193903.appspot.com/o/cji1s2pde32fd0710rcjl72g4%2F20c06351-1846-47cb-83ac-7718be5f85d3%2FIMG_0486.JPG?alt=media&token=ef139ecb-6786-4607-87ba-683c1059a74f,"{""hello"":[[{""x"":144,""y"":187},{""x"":144,""y"":78},{""x"":171,""y"":78},{""x"":171,""y"":187}]]}",yueyingteng@gmail.com,resized_hello,1529914299000,6.678,,
cjitzh4ks0rfh0721rb4zg07e,https://firebasestorage.googleapis.com/v0/b/labelbox-193903.appspot.com/o/cji1s2pde32fd0710rcjl72g4%2F20c06351-1846-47cb-83ac-7718be5f85d3%2FIMG_0491.JPG?alt=media&token=07b548d6-28e4-41e6-b24e-a7ad3dfec268,"{""hello"":[[{""x"":189,""y"":197},{""x"":189,""y"":91},{""x"":219,""y"":91},{""x"":219,""y"":197}]]}",yueyingteng@gmail.com,resized_hello,1529914305000,5.361,,
cjitzh7sa0xfs07497u4lgg4g,https://firebasestorage.googleapis.com/v0/b/labelbox-193903.appspot.com/o/cji1s2pde32fd0710rcjl72g4%2F20c06351-1846-47cb-83ac-7718be5f85d3%2FIMG_0493.JPG?alt=media&token=53f34087-b393-4ed4-a567-209e147fd7c3,"{""hello"":[[{""x"":187,""y"":172},{""x"":187,""y"":118},{""x"":217,""y"":118},{""x"":217,""y"":172}]]}",yueyingteng@gmail.com,resized_hello,1529914309000,4.385,,
cjitzhaj60rgd0721okx7iha3,https://firebasestorage.googleapis.com/v0/b/labelbox-193903.appspot.com/o/cji1s2pde32fd0710rcjl72g4%2F20c06351-1846-47cb-83ac-7718be5f85d3%2FIMG_0495.JPG?alt=media&token=4c9c1f02-95f0-4e90-91bd-05cb83447dc6,"{""hello"":[[{""x"":176,""y"":174},{""x"":176,""y"":124},{""x"":210,""y"":124},{""x"":210,""y"":174}]]}",yueyingteng@gmail.com,resized_hello,1529914312000,3.226,,
cjitzhd2a0xgn07491yao3khy,https://firebasestorage.googleapis.com/v0/b/labelbox-193903.appspot.com/o/cji1s2pde32fd0710rcjl72g4%2F20c06351-1846-47cb-83ac-7718be5f85d3%2FIMG_0498.JPG?alt=media&token=e9797c99-4871-4260-8f44-f5b9e0bb6df6,"{""hello"":[[{""x"":165,""y"":161},{""x"":165,""y"":101},{""x"":194,""y"":101},{""x"":194,""y"":161}]]}",yueyingteng@gmail.com,resized_hello,1529914316000,3.64,,
cjitzhfys0rh40721slfb1lz7,https://firebasestorage.googleapis.com/v0/b/labelbox-193903.appspot.com/o/cji1s2pde32fd0710rcjl72g4%2F20c06351-1846-47cb-83ac-7718be5f85d3%2FIMG_0500.JPG?alt=media&token=85f08838-908b-4e46-bed8-bca87485a0e3,"{""hello"":[[{""x"":154,""y"":150},{""x"":154,""y"":109},{""x"":185,""y"":109},{""x"":185,""y"":150}]]}",yueyingteng@gmail.com,resized_hello,1529914320000,3.431,,
cjitzhiew0rhp0721la4s0s6n,https://firebasestorage.googleapis.com/v0/b/labelbox-193903.appspot.com/o/cji1s2pde32fd0710rcjl72g4%2F20c06351-1846-47cb-83ac-7718be5f85d3%2FIMG_0505.JPG?alt=media&token=7ccfb9a2-7276-4d2f-a902-6b217837ced4,"{""hello"":[[{""x"":179,""y"":146},{""x"":179,""y"":102},{""x"":206,""y"":102},{""x"":206,""y"":146}]]}",yueyingteng@gmail.com,resized_hello,1529914323000,3.42,,
cjitzhlpp0xhy07498rdq5f8o,https://firebasestorage.googleapis.com/v0/b/labelbox-193903.appspot.com/o/cji1s2pde32fd0710rcjl72g4%2F20c06351-1846-47cb-83ac-7718be5f85d3%2FIMG_0507.JPG?alt=media&token=7b26b8db-01c2-4424-86de-a78f57ea43ad,"{""hello"":[[{""x"":189,""y"":153},{""x"":189,""y"":99},{""x"":214,""y"":99},{""x"":214,""y"":153}]]}",yueyingteng@gmail.com,resized_hello,1529914327000,4.007,,
cjitzho270ric07211byobr38,https://firebasestorage.googleapis.com/v0/b/labelbox-193903.appspot.com/o/cji1s2pde32fd0710rcjl72g4%2F20c06351-1846-47cb-83ac-7718be5f85d3%2FIMG_0508.JPG?alt=media&token=2fdc3db9-ada2-416e-8f82-60032e32ffad,"{""hello"":[[{""x"":182,""y"":163},{""x"":182,""y"":94},{""x"":209,""y"":94},{""x"":209,""y"":163}]]}",yueyingteng@gmail.com,resized_hello,1529914330000,3.258,,
cjitzhr9y0xin07491y43ehqv,https://firebasestorage.googleapis.com/v0/b/labelbox-193903.appspot.com/o/cji1s2pde32fd0710rcjl72g4%2F20c06351-1846-47cb-83ac-7718be5f85d3%2FIMG_0512.JPG?alt=media&token=c67f1f64-bce4-4a7c-9ab6-a3f894ef76ac,"{""hello"":[[{""x"":159,""y"":178},{""x"":159,""y"":66},{""x"":185,""y"":66},{""x"":185,""y"":178}]]}",yueyingteng@gmail.com,resized_hello,1529914334000,3.981,,
cjitzhume0rj40721vp7u82bf,https://firebasestorage.googleapis.com/v0/b/labelbox-193903.appspot.com/o/cji1s2pde32fd0710rcjl72g4%2F20c06351-1846-47cb-83ac-7718be5f85d3%2FIMG_0513.JPG?alt=media&token=0a9f3931-7e3b-4a2e-b2eb-3c8b40d99ce4,"{""hello"":[[{""x"":198,""y"":139},{""x"":198,""y"":97},{""x"":226,""y"":97},{""x"":226,""y"":139}]]}",yueyingteng@gmail.com,resized_hello,1529914339000,4.578,,
cjitzhx420xjr0749rqycbvj0,https://firebasestorage.googleapis.com/v0/b/labelbox-193903.appspot.com/o/cji1s2pde32fd0710rcjl72g4%2F20c06351-1846-47cb-83ac-7718be5f85d3%2FIMG_0514.JPG?alt=media&token=5a4742c7-f586-49b7-ac3e-a5252bc24b37,"{""hello"":[[{""x"":181,""y"":151},{""x"":181,""y"":84},{""x"":212,""y"":84},{""x"":212,""y"":151}]]}",yueyingteng@gmail.com,resized_hello,1529914342000,2.97,,
cjitzi3au0xkm07498h4bdtvj,https://firebasestorage.googleapis.com/v0/b/labelbox-193903.appspot.com/o/cji1s2pde32fd0710rcjl72g4%2F20c06351-1846-47cb-83ac-7718be5f85d3%2FIMG_0516.JPG?alt=media&token=4cf201a3-aa92-4630-9dbe-4ba13ada7a97,"{""hello"":[[{""x"":221,""y"":170},{""x"":192,""y"":170},{""x"":192,""y"":70},{""x"":221,""y"":70}]]}",yueyingteng@gmail.com,resized_hello,1529914350000,7.81,,
cjitzi6450xl40749f1nljgzn,https://firebasestorage.googleapis.com/v0/b/labelbox-193903.appspot.com/o/cji1s2pde32fd0710rcjl72g4%2F20c06351-1846-47cb-83ac-7718be5f85d3%2FIMG_0517.JPG?alt=media&token=dea73b26-a222-41cc-8c80-278d3b6f454f,"{""hello"":[[{""x"":196,""y"":183},{""x"":196,""y"":65},{""x"":224,""y"":65},{""x"":224,""y"":183}]]}",yueyingteng@gmail.com,resized_hello,1529914353000,4.075,,
cjitzi8pf0rkt0721ct98ga22,https://firebasestorage.googleapis.com/v0/b/labelbox-193903.appspot.com/o/cji1s2pde32fd0710rcjl72g4%2F20c06351-1846-47cb-83ac-7718be5f85d3%2FIMG_0524.jpg?alt=media&token=ea4ea54d-91e1-48e8-a133-e90a28df6c84,"{""hello"":[[{""x"":62,""y"":172},{""x"":62,""y"":150},{""x"":115,""y"":150},{""x"":115,""y"":172}]]}",yueyingteng@gmail.com,resized_hello,1529914357000,3.133,,
cjitzifwj0xmx07498sa3ad3r,https://firebasestorage.googleapis.com/v0/b/labelbox-193903.appspot.com/o/cji1s2pde32fd0710rcjl72g4%2F20c06351-1846-47cb-83ac-7718be5f85d3%2FIMG_0528.JPG?alt=media&token=efb02250-2515-4164-909c-e13cfd4e3047,"{""hello"":[[{""x"":203,""y"":200},{""x"":174,""y"":201},{""x"":174,""y"":113},{""x"":203,""y"":113}]]}",yueyingteng@gmail.com,resized_hello,1529914366000,9.491,,
cjitziiml0rm50721o8xwt6la,https://firebasestorage.googleapis.com/v0/b/labelbox-193903.appspot.com/o/cji1s2pde32fd0710rcjl72g4%2F20c06351-1846-47cb-83ac-7718be5f85d3%2FIMG_0534.jpg?alt=media&token=1acf1ace-3075-4133-8c48-a6aff53e8112,"{""hello"":[[{""x"":88,""y"":153},{""x"":88,""y"":131},{""x"":132,""y"":131},{""x"":132,""y"":153}]]}",yueyingteng@gmail.com,resized_hello,1529914370000,3.695,,
cjitzimj80xno0749lvpmkybj,https://firebasestorage.googleapis.com/v0/b/labelbox-193903.appspot.com/o/cji1s2pde32fd0710rcjl72g4%2F20c06351-1846-47cb-83ac-7718be5f85d3%2FIMG_0536.jpg?alt=media&token=2491ee77-e32d-42ed-900f-a7238663b1be,"{""hello"":[[{""x"":63,""y"":152},{""x"":63,""y"":128},{""x"":154,""y"":128},{""x"":154,""y"":152}]]}",yueyingteng@gmail.com,resized_hello,1529914375000,4.475,,
cjitzioy00rmu0721hozgx4y2,https://firebasestorage.googleapis.com/v0/b/labelbox-193903.appspot.com/o/cji1s2pde32fd0710rcjl72g4%2F20c06351-1846-47cb-83ac-7718be5f85d3%2FIMG_0537.jpg?alt=media&token=461321be-9e96-46f1-aa0a-d88781b11f59,"{""hello"":[[{""x"":88,""y"":161},{""x"":88,""y"":136},{""x"":130,""y"":136},{""x"":130,""y"":161}]]}",yueyingteng@gmail.com,resized_hello,1529914378000,3.574,,
cjitzis2u0rn60721g4j4e1rc,https://firebasestorage.googleapis.com/v0/b/labelbox-193903.appspot.com/o/cji1s2pde32fd0710rcjl72g4%2F20c06351-1846-47cb-83ac-7718be5f85d3%2FIMG_0538.jpg?alt=media&token=20d0436e-8f5b-43a7-b913-2bdbdeb8f7b0,"{""hello"":[[{""x"":91,""y"":161},{""x"":91,""y"":135},{""x"":136,""y"":135},{""x"":136,""y"":161}]]}",yueyingteng@gmail.com,resized_hello,1529914382000,3.946,,
cjitziusi0rnk0721o27utmjz,https://firebasestorage.googleapis.com/v0/b/labelbox-193903.appspot.com/o/cji1s2pde32fd0710rcjl72g4%2F20c06351-1846-47cb-83ac-7718be5f85d3%2FIMG_0547.jpg?alt=media&token=855422a0-07b9-40b8-b80d-2f7c57ebb1ca,"{""hello"":[[{""x"":84,""y"":148},{""x"":84,""y"":127},{""x"":128,""y"":127},{""x"":128,""y"":148}]]}",yueyingteng@gmail.com,resized_hello,1529914385000,3.654,,
cjitzixry0ro10721gh4hcpcv,https://firebasestorage.googleapis.com/v0/b/labelbox-193903.appspot.com/o/cji1s2pde32fd0710rcjl72g4%2F20c06351-1846-47cb-83ac-7718be5f85d3%2FIMG_0551.jpg?alt=media&token=485486a7-fc5c-49ad-b476-3691ae48a3df,"{""hello"":[[{""x"":61,""y"":168},{""x"":61,""y"":142},{""x"":114,""y"":142},{""x"":114,""y"":168}]]}",yueyingteng@gmail.com,resized_hello,1529914389000,3.594,,
cjitzj0ee0xq20749j20lp1oi,https://firebasestorage.googleapis.com/v0/b/labelbox-193903.appspot.com/o/cji1s2pde32fd0710rcjl72g4%2F20c06351-1846-47cb-83ac-7718be5f85d3%2FIMG_0563.jpg?alt=media&token=7b7c5891-7e30-4eda-86e4-4c3e3fc770c3,"{""hello"":[[{""x"":89,""y"":148},{""x"":89,""y"":129},{""x"":128,""y"":129},{""x"":128,""y"":148}]]}",yueyingteng@gmail.com,resized_hello,1529914393000,3.783,,
cjitzj3290xql0749a55or145,https://firebasestorage.googleapis.com/v0/b/labelbox-193903.appspot.com/o/cji1s2pde32fd0710rcjl72g4%2F20c06351-1846-47cb-83ac-7718be5f85d3%2FIMG_0564.jpg?alt=media&token=50504176-0163-47ff-bb52-e6f01fc5e587,"{""hello"":[[{""x"":91,""y"":149},{""x"":91,""y"":130},{""x"":128,""y"":130},{""x"":128,""y"":149}]]}",yueyingteng@gmail.com,resized_hello,1529914396000,3.097,,
cjitzj5z50rpo0721qr8up2ws,https://firebasestorage.googleapis.com/v0/b/labelbox-193903.appspot.com/o/cji1s2pde32fd0710rcjl72g4%2F20c06351-1846-47cb-83ac-7718be5f85d3%2FIMG_0565.jpg?alt=media&token=92af6e63-5007-46e3-8866-00caf2ca7a2b,"{""hello"":[[{""x"":68,""y"":151},{""x"":68,""y"":129},{""x"":152,""y"":129},{""x"":152,""y"":151}]]}",yueyingteng@gmail.com,resized_hello,1529914400000,4.114,,
cjitzj9or0xss0749veah7n4k,https://firebasestorage.googleapis.com/v0/b/labelbox-193903.appspot.com/o/cji1s2pde32fd0710rcjl72g4%2F20c06351-1846-47cb-83ac-7718be5f85d3%2FIMG_0567.jpg?alt=media&token=4a788cab-da3d-4651-901d-7763900673ed,"{""hello"":[[{""x"":93,""y"":151},{""x"":93,""y"":129},{""x"":129,""y"":129},{""x"":129,""y"":151}]]}",yueyingteng@gmail.com,resized_hello,1529914405000,4.521,,
cjitzjc9n0xt80749oywf884a,https://firebasestorage.googleapis.com/v0/b/labelbox-193903.appspot.com/o/cji1s2pde32fd0710rcjl72g4%2F20c06351-1846-47cb-83ac-7718be5f85d3%2FIMG_0569.jpg?alt=media&token=e983631b-e2f3-44e2-aee3-b10a655515a4,"{""hello"":[[{""x"":95,""y"":151},{""x"":95,""y"":129},{""x"":132,""y"":129},{""x"":132,""y"":151}]]}",yueyingteng@gmail.com,resized_hello,1529914408000,3.547,,
cjitzjg000rqy0721hfk8w6oa,https://firebasestorage.googleapis.com/v0/b/labelbox-193903.appspot.com/o/cji1s2pde32fd0710rcjl72g4%2F20c06351-1846-47cb-83ac-7718be5f85d3%2FIMG_0571.jpg?alt=media&token=f631b61c-b0b0-4885-896e-ecb3a1663038,"{""hello"":[[{""x"":77,""y"":148},{""x"":77,""y"":130},{""x"":150,""y"":130},{""x"":150,""y"":148}]]}",yueyingteng@gmail.com,resized_hello,1529914413000,4.631,,
cjitzjsna0xvx0749cgj6xl6a,https://firebasestorage.googleapis.com/v0/b/labelbox-193903.appspot.com/o/cji1s2pde32fd0710rcjl72g4%2F20c06351-1846-47cb-83ac-7718be5f85d3%2FIMG_0573.jpg?alt=media&token=b220805e-5f79-482a-8ad4-7854dd885b0e,"{""hello"":[[{""x"":113,""y"":169},{""x"":81,""y"":169},{""x"":81,""y"":149},{""x"":113,""y"":149}]]}",yueyingteng@gmail.com,resized_hello,1529914429000,16.402,,
cjitzjx830xxj0749p5jwlosx,https://firebasestorage.googleapis.com/v0/b/labelbox-193903.appspot.com/o/cji1s2pde32fd0710rcjl72g4%2F20c06351-1846-47cb-83ac-7718be5f85d3%2FIMG_0574.jpg?alt=media&token=c3bdc88f-c146-466a-9e8d-7521abb81062,"{""hello"":[[{""x"":97,""y"":156},{""x"":97,""y"":134},{""x"":127,""y"":134},{""x"":127,""y"":156}]]}",yueyingteng@gmail.com,resized_hello,1529914435000,5.89,,
cjitzk0ve0rue0721e4200ztz,https://firebasestorage.googleapis.com/v0/b/labelbox-193903.appspot.com/o/cji1s2pde32fd0710rcjl72g4%2F20c06351-1846-47cb-83ac-7718be5f85d3%2FIMG_0575.jpg?alt=media&token=f2df3fcd-0cc3-468f-9d66-300766174fd2,"{""hello"":[[{""x"":99,""y"":154},{""x"":99,""y"":133},{""x"":130,""y"":133},{""x"":130,""y"":154}]]}",yueyingteng@gmail.com,resized_hello,1529914440000,4.83,,
cjitzk4at0xzi0749bfh1moh6,https://firebasestorage.googleapis.com/v0/b/labelbox-193903.appspot.com/o/cji1s2pde32fd0710rcjl72g4%2F20c06351-1846-47cb-83ac-7718be5f85d3%2FIMG_0579.jpg?alt=media&token=f5bbb9de-7b2c-429c-b816-02a4e98a6261,"{""hello"":[[{""x"":92,""y"":158},{""x"":92,""y"":138},{""x"":132,""y"":138},{""x"":132,""y"":158}]]}",yueyingteng@gmail.com,resized_hello,1529914444000,4.191,,
cjitzk6h30y030749qgvk4qs4,https://firebasestorage.googleapis.com/v0/b/labelbox-193903.appspot.com/o/cji1s2pde32fd0710rcjl72g4%2F20c06351-1846-47cb-83ac-7718be5f85d3%2FIMG_0581.jpg?alt=media&token=bf4a95b9-ec07-4831-84d8-7e978b00b9cc,"{""hello"":[[{""x"":86,""y"":150},{""x"":86,""y"":127},{""x"":145,""y"":127},{""x"":145,""y"":150}]]}",yueyingteng@gmail.com,resized_hello,1529914447000,3.222,,
cjitzka8q0rvx0721pmn4lqn3,https://firebasestorage.googleapis.com/v0/b/labelbox-193903.appspot.com/o/cji1s2pde32fd0710rcjl72g4%2F20c06351-1846-47cb-83ac-7718be5f85d3%2FIMG_0582.jpg?alt=media&token=a4c81b63-190d-4379-b8cf-c1f12dad0b2e,"{""hello"":[[{""x"":64,""y"":172},{""x"":64,""y"":155},{""x"":155,""y"":155},{""x"":155,""y"":172}]]}",yueyingteng@gmail.com,resized_hello,1529914452000,4.581,,
cjitzkdav0rwv0721kuh1tmqw,https://firebasestorage.googleapis.com/v0/b/labelbox-193903.appspot.com/o/cji1s2pde32fd0710rcjl72g4%2F20c06351-1846-47cb-83ac-7718be5f85d3%2FIMG_0583.jpg?alt=media&token=01852389-329a-4201-aab5-d8cf0ee774cd,"{""hello"":[[{""x"":68,""y"":166},{""x"":68,""y"":150},{""x"":153,""y"":150},{""x"":153,""y"":166}]]}",yueyingteng@gmail.com,resized_hello,1529914456000,4.137,,
cjitzkg2x0rxd072197eaj8gx,https://firebasestorage.googleapis.com/v0/b/labelbox-193903.appspot.com/o/cji1s2pde32fd0710rcjl72g4%2F20c06351-1846-47cb-83ac-7718be5f85d3%2FIMG_0587.jpg?alt=media&token=ab26411e-649c-402c-8ff6-001ebf712d80,"{""hello"":[[{""x"":87,""y"":163},{""x"":87,""y"":147},{""x"":125,""y"":147},{""x"":125,""y"":163}]]}",yueyingteng@gmail.com,resized_hello,1529914460000,3.455,,
cjitzkizh0y1l0749s3diupo2,https://firebasestorage.googleapis.com/v0/b/labelbox-193903.appspot.com/o/cji1s2pde32fd0710rcjl72g4%2F20c06351-1846-47cb-83ac-7718be5f85d3%2FIMG_0591.jpg?alt=media&token=ba046501-af94-47c5-bc34-8d3542caac65,"{""hello"":[[{""x"":81,""y"":160},{""x"":81,""y"":140},{""x"":147,""y"":140},{""x"":147,""y"":160}]]}",yueyingteng@gmail.com,resized_hello,1529914463000,3.9,,
cjitzkmbv0y2707491astes85,https://firebasestorage.googleapis.com/v0/b/labelbox-193903.appspot.com/o/cji1s2pde32fd0710rcjl72g4%2F20c06351-1846-47cb-83ac-7718be5f85d3%2FIMG_0601.jpg?alt=media&token=5c681312-2093-4625-a664-b6763fe3cab6,"{""hello"":[[{""x"":83,""y"":153},{""x"":83,""y"":131},{""x"":138,""y"":131},{""x"":138,""y"":153}]]}",yueyingteng@gmail.com,resized_hello,1529914468000,4.186,,
cjitzkoh20ryf0721lyl0aqj8,https://firebasestorage.googleapis.com/v0/b/labelbox-193903.appspot.com/o/cji1s2pde32fd0710rcjl72g4%2F20c06351-1846-47cb-83ac-7718be5f85d3%2FIMG_0605.jpg?alt=media&token=5fb4c755-b1a9-43ab-a9fc-94100080b1b8,"{""hello"":[[{""x"":93,""y"":153},{""x"":93,""y"":134},{""x"":136,""y"":134},{""x"":136,""y"":153}]]}",yueyingteng@gmail.com,resized_hello,1529914470000,3.003,,
cjitzkrh10y3z0749f31x1943,https://firebasestorage.googleapis.com/v0/b/labelbox-193903.appspot.com/o/cji1s2pde32fd0710rcjl72g4%2F20c06351-1846-47cb-83ac-7718be5f85d3%2FIMG_0606.jpg?alt=media&token=66b9b970-c2c6-4900-b031-e09f4467cfa9,"{""hello"":[[{""x"":94,""y"":153},{""x"":94,""y"":133},{""x"":134,""y"":133},{""x"":134,""y"":153}]]}",yueyingteng@gmail.com,resized_hello,1529914474000,3.655,,
cjitzku3f0y4j074953g817im,https://firebasestorage.googleapis.com/v0/b/labelbox-193903.appspot.com/o/cji1s2pde32fd0710rcjl72g4%2F20c06351-1846-47cb-83ac-7718be5f85d3%2FIMG_0613.jpg?alt=media&token=54ff002f-8f6d-4002-952e-545a193c332b,"{""hello"":[[{""x"":94,""y"":153},{""x"":94,""y"":133},{""x"":128,""y"":133},{""x"":128,""y"":153}]]}",yueyingteng@gmail.com,resized_hello,1529914478000,3.628,,
cjitzkwp40rzx0721zg16p6ia,https://firebasestorage.googleapis.com/v0/b/labelbox-193903.appspot.com/o/cji1s2pde32fd0710rcjl72g4%2F20c06351-1846-47cb-83ac-7718be5f85d3%2FIMG_0619.jpg?alt=media&token=cb9092e9-62e0-4f45-bf9c-bc6bb59e777f,"{""hello"":[[{""x"":94,""y"":151},{""x"":94,""y"":134},{""x"":128,""y"":134},{""x"":128,""y"":151}]]}",yueyingteng@gmail.com,resized_hello,1529914481000,3.013,,
cjitzl06w0s0w0721q980cf7p,https://firebasestorage.googleapis.com/v0/b/labelbox-193903.appspot.com/o/cji1s2pde32fd0710rcjl72g4%2F20c06351-1846-47cb-83ac-7718be5f85d3%2FIMG_0624.JPG?alt=media&token=84abb9a1-322f-45b1-b858-27c92a831640,"{""hello"":[[{""x"":195,""y"":172},{""x"":195,""y"":124},{""x"":225,""y"":124},{""x"":225,""y"":172}]]}",yueyingteng@gmail.com,resized_hello,1529914486000,4.992,,
cjitzl3ev0y6a0749tc6jqz97,https://firebasestorage.googleapis.com/v0/b/labelbox-193903.appspot.com/o/cji1s2pde32fd0710rcjl72g4%2F20c06351-1846-47cb-83ac-7718be5f85d3%2FIMG_0648.jpg?alt=media&token=9c97ca3d-5669-42f3-9451-14cf9a8c262a,"{""hello"":[[{""x"":66,""y"":163},{""x"":66,""y"":143},{""x"":145,""y"":143},{""x"":145,""y"":163}]]}",yueyingteng@gmail.com,resized_hello,1529914490000,3.86,,
cjitzl63g0y720749b4jpbz8s,https://firebasestorage.googleapis.com/v0/b/labelbox-193903.appspot.com/o/cji1s2pde32fd0710rcjl72g4%2F20c06351-1846-47cb-83ac-7718be5f85d3%2FIMG_0657.jpg?alt=media&token=74e44e8f-01d8-44e5-a61e-9391b7e77266,"{""hello"":[[{""x"":91,""y"":160},{""x"":91,""y"":144},{""x"":128,""y"":144},{""x"":128,""y"":160}]]}",yueyingteng@gmail.com,resized_hello,1529914493000,3.594,,
cjitzla480s240721le7h1gnb,https://firebasestorage.googleapis.com/v0/b/labelbox-193903.appspot.com/o/cji1s2pde32fd0710rcjl72g4%2F20c06351-1846-47cb-83ac-7718be5f85d3%2FIMG_0661.jpg?alt=media&token=ba7ee497-5252-4bd6-be38-de689871e53e,"{""hello"":[[{""x"":70,""y"":159},{""x"":70,""y"":138},{""x"":154,""y"":138},{""x"":154,""y"":159}]]}",yueyingteng@gmail.com,resized_hello,1529914499000,5.117,,
cjitzlcpg0y7x0749ameju1kr,https://firebasestorage.googleapis.com/v0/b/labelbox-193903.appspot.com/o/cji1s2pde32fd0710rcjl72g4%2F20c06351-1846-47cb-83ac-7718be5f85d3%2FIMG_0666.jpg?alt=media&token=d29b93ed-cf4b-412b-85fd-0bd38ac99e06,"{""hello"":[[{""x"":96,""y"":164},{""x"":96,""y"":146},{""x"":135,""y"":146},{""x"":135,""y"":164}]]}",yueyingteng@gmail.com,resized_hello,1529914502000,3.545,,
cjitzlfkc0s2u0721azgbqogf,https://firebasestorage.googleapis.com/v0/b/labelbox-193903.appspot.com/o/cji1s2pde32fd0710rcjl72g4%2F20c06351-1846-47cb-83ac-7718be5f85d3%2FIMG_0667.jpg?alt=media&token=4f95f666-eced-4e49-8eaa-200a8f2ac1bf,"{""hello"":[[{""x"":91,""y"":161},{""x"":91,""y"":139},{""x"":135,""y"":139},{""x"":135,""y"":161}]]}",yueyingteng@gmail.com,resized_hello,1529914506000,3.382,,
cjitzln060s3v07211cu32eut,https://firebasestorage.googleapis.com/v0/b/labelbox-193903.appspot.com/o/cji1s2pde32fd0710rcjl72g4%2F20c06351-1846-47cb-83ac-7718be5f85d3%2FIMG_0669.jpg?alt=media&token=8a1ca20e-1713-481d-92b5-62a1b08cfd46,"{""hello"":[[{""x"":88,""y"":160},{""x"":88,""y"":139},{""x"":128,""y"":139},{""x"":128,""y"":160}]]}",yueyingteng@gmail.com,resized_hello,1529914515000,9.76,,
cjitzlqeh0y9r074938b41652,https://firebasestorage.googleapis.com/v0/b/labelbox-193903.appspot.com/o/cji1s2pde32fd0710rcjl72g4%2F20c06351-1846-47cb-83ac-7718be5f85d3%2FIMG_0674.jpg?alt=media&token=e3151b9a-b9cc-4918-9226-5f69c747c72b,"{""hello"":[[{""x"":76,""y"":173},{""x"":76,""y"":152},{""x"":146,""y"":152},{""x"":146,""y"":173}]]}",yueyingteng@gmail.com,resized_hello,1529914520000,4.637,,
cjitzlw1c0s57072137dega5v,https://firebasestorage.googleapis.com/v0/b/labelbox-193903.appspot.com/o/cji1s2pde32fd0710rcjl72g4%2F20c06351-1846-47cb-83ac-7718be5f85d3%2FIMG_0677.jpg?alt=media&token=1c7efbfe-758d-4982-9788-9ad3d5c300c3,"{""hello"":[[{""x"":136,""y"":167},{""x"":100,""y"":167},{""x"":100,""y"":148},{""x"":136,""y"":148}]]}",yueyingteng@gmail.com,resized_hello,1529914527000,6.944,,
cjitzlyuw0yb50749zq7gu82z,https://firebasestorage.googleapis.com/v0/b/labelbox-193903.appspot.com/o/cji1s2pde32fd0710rcjl72g4%2F20c06351-1846-47cb-83ac-7718be5f85d3%2FIMG_0678.jpg?alt=media&token=15917c3b-be3b-4897-81cb-4a5d180ec938,"{""hello"":[[{""x"":98,""y"":166},{""x"":98,""y"":144},{""x"":138,""y"":144},{""x"":138,""y"":166}]]}",yueyingteng@gmail.com,resized_hello,1529914531000,3.865,,
cjitzm2340s690721j8la7ge0,https://firebasestorage.googleapis.com/v0/b/labelbox-193903.appspot.com/o/cji1s2pde32fd0710rcjl72g4%2F20c06351-1846-47cb-83ac-7718be5f85d3%2FIMG_0679.jpg?alt=media&token=c7108f04-e191-4801-89c6-4e3c26f007d6,"{""hello"":[[{""x"":84,""y"":165},{""x"":84,""y"":147},{""x"":151,""y"":147},{""x"":151,""y"":165}]]}",yueyingteng@gmail.com,resized_hello,1529914535000,4.052,,
cjitzm5o80s6n0721xofrav3a,https://firebasestorage.googleapis.com/v0/b/labelbox-193903.appspot.com/o/cji1s2pde32fd0710rcjl72g4%2F20c06351-1846-47cb-83ac-7718be5f85d3%2FIMG_0705.JPG?alt=media&token=22176f8e-5584-487d-8793-da7729aacfcf,"{""hello"":[[{""x"":211,""y"":160},{""x"":211,""y"":118},{""x"":237,""y"":118},{""x"":237,""y"":160}]]}",yueyingteng@gmail.com,resized_hello,1529914539000,4.761,,
cjitzn2ky0s8k07212zqvfsle,https://firebasestorage.googleapis.com/v0/b/labelbox-193903.appspot.com/o/cji1s2pde32fd0710rcjl72g4%2F20c06351-1846-47cb-83ac-7718be5f85d3%2FIMG_0706.JPG?alt=media&token=6aaa9e06-3138-463f-b2fa-045485ae8f84,"{""hello"":[[{""x"":205,""y"":149},{""x"":205,""y"":104},{""x"":228,""y"":104},{""x"":228,""y"":149}]]}",yueyingteng@gmail.com,resized_hello,1529914582000,42.506,,
cjitzn5gj0yfc0749wq8w36p5,https://firebasestorage.googleapis.com/v0/b/labelbox-193903.appspot.com/o/cji1s2pde32fd0710rcjl72g4%2F20c06351-1846-47cb-83ac-7718be5f85d3%2FIMG_0707.JPG?alt=media&token=09960a2c-f34f-4861-9785-e440ce401401,"{""hello"":[[{""x"":175,""y"":174},{""x"":175,""y"":78},{""x"":200,""y"":78},{""x"":200,""y"":174}]]}",yueyingteng@gmail.com,resized_hello,1529914586000,3.939,,
cjitzn8eq0s9z07219bjmmu86,https://firebasestorage.googleapis.com/v0/b/labelbox-193903.appspot.com/o/cji1s2pde32fd0710rcjl72g4%2F20c06351-1846-47cb-83ac-7718be5f85d3%2FIMG_0708.JPG?alt=media&token=fff89df3-fb96-4913-b06f-359df4916a1f,"{""hello"":[[{""x"":191,""y"":158},{""x"":191,""y"":112},{""x"":214,""y"":112},{""x"":214,""y"":158}]]}",yueyingteng@gmail.com,resized_hello,1529914590000,3.635,,
cjitznarp0yhc0749au9iz9bv,https://firebasestorage.googleapis.com/v0/b/labelbox-193903.appspot.com/o/cji1s2pde32fd0710rcjl72g4%2F20c06351-1846-47cb-83ac-7718be5f85d3%2FIMG_0709.JPG?alt=media&token=e6ae20ad-a825-4006-b729-e78db5ac5130,"{""hello"":[[{""x"":181,""y"":155},{""x"":181,""y"":113},{""x"":206,""y"":113},{""x"":206,""y"":155}]]}",yueyingteng@gmail.com,resized_hello,1529914593000,3.298,,
cjitznedi0yie0749msdyuclh,https://firebasestorage.googleapis.com/v0/b/labelbox-193903.appspot.com/o/cji1s2pde32fd0710rcjl72g4%2F20c06351-1846-47cb-83ac-7718be5f85d3%2FIMG_0710.JPG?alt=media&token=e3f0de9f-11a4-42de-9f4e-accdac68c782,"{""hello"":[[{""x"":182,""y"":174},{""x"":182,""y"":78},{""x"":208,""y"":78},{""x"":208,""y"":174}]]}",yueyingteng@gmail.com,resized_hello,1529914597000,4.421,,
cjitznh470yj20749f1hh2rie,https://firebasestorage.googleapis.com/v0/b/labelbox-193903.appspot.com/o/cji1s2pde32fd0710rcjl72g4%2F20c06351-1846-47cb-83ac-7718be5f85d3%2FIMG_0711.JPG?alt=media&token=83dd7d06-c92c-40fc-ad19-852354286e40,"{""hello"":[[{""x"":189,""y"":154},{""x"":189,""y"":108},{""x"":216,""y"":108},{""x"":216,""y"":154}]]}",yueyingteng@gmail.com,resized_hello,1529914601000,3.86,,
cjitznkzu0yjt07499isbi9jw,https://firebasestorage.googleapis.com/v0/b/labelbox-193903.appspot.com/o/cji1s2pde32fd0710rcjl72g4%2F20c06351-1846-47cb-83ac-7718be5f85d3%2FIMG_0712.JPG?alt=media&token=7d8af7a3-668b-42f3-a026-0358ad755657,"{""hello"":[[{""x"":191,""y"":172},{""x"":191,""y"":123},{""x"":217,""y"":123},{""x"":217,""y"":172}]]}",yueyingteng@gmail.com,resized_hello,1529914606000,4.718,,
cjitznod60ykh0749cppo83ow,https://firebasestorage.googleapis.com/v0/b/labelbox-193903.appspot.com/o/cji1s2pde32fd0710rcjl72g4%2F20c06351-1846-47cb-83ac-7718be5f85d3%2FIMG_0713.JPG?alt=media&token=00d40589-06fe-4bd9-b565-c355f1119e24,"{""hello"":[[{""x"":184,""y"":157},{""x"":184,""y"":122},{""x"":210,""y"":122},{""x"":210,""y"":157}]]}",yueyingteng@gmail.com,resized_hello,1529914610000,4.371,,
cjitznrcj0yl20749axd3ey34,https://firebasestorage.googleapis.com/v0/b/labelbox-193903.appspot.com/o/cji1s2pde32fd0710rcjl72g4%2F20c06351-1846-47cb-83ac-7718be5f85d3%2FIMG_0714.JPG?alt=media&token=d9c997d3-8e89-4d32-bec2-cd688d378099,"{""hello"":[[{""x"":197,""y"":156},{""x"":197,""y"":125},{""x"":222,""y"":125},{""x"":222,""y"":156}]]}",yueyingteng@gmail.com,resized_hello,1529914614000,3.855,,
cjitzntwm0ylz07497tbste5v,https://firebasestorage.googleapis.com/v0/b/labelbox-193903.appspot.com/o/cji1s2pde32fd0710rcjl72g4%2F20c06351-1846-47cb-83ac-7718be5f85d3%2FIMG_0715.JPG?alt=media&token=ab0c6838-cd11-422a-819c-09d1e0281ecb,"{""hello"":[[{""x"":186,""y"":165},{""x"":186,""y"":131},{""x"":207,""y"":131},{""x"":207,""y"":165}]]}",yueyingteng@gmail.com,resized_hello,1529914617000,3.474,,
cjitznwnu0ymg0749j78fmago,https://firebasestorage.googleapis.com/v0/b/labelbox-193903.appspot.com/o/cji1s2pde32fd0710rcjl72g4%2F20c06351-1846-47cb-83ac-7718be5f85d3%2FIMG_0716.JPG?alt=media&token=024f7edd-fb36-40a9-bdbe-4a235edee676,"{""hello"":[[{""x"":198,""y"":166},{""x"":198,""y"":132},{""x"":220,""y"":132},{""x"":220,""y"":166}]]}",yueyingteng@gmail.com,resized_hello,1529914621000,3.509,,
cjitznyyt0sf00721mo2a9enm,https://firebasestorage.googleapis.com/v0/b/labelbox-193903.appspot.com/o/cji1s2pde32fd0710rcjl72g4%2F20c06351-1846-47cb-83ac-7718be5f85d3%2FIMG_0717.JPG?alt=media&token=58934b7d-e72d-4204-b50d-bdac090fbaf1,"{""hello"":[[{""x"":181,""y"":163},{""x"":181,""y"":123},{""x"":205,""y"":123},{""x"":205,""y"":163}]]}",yueyingteng@gmail.com,resized_hello,1529914624000,3.213,,
cjitzo46p0ynu07494wt2gah5,https://firebasestorage.googleapis.com/v0/b/labelbox-193903.appspot.com/o/cji1s2pde32fd0710rcjl72g4%2F20c06351-1846-47cb-83ac-7718be5f85d3%2FIMG_0718.JPG?alt=media&token=4900587a-5c4a-4677-87b5-e3e4b6d68404,"{""hello"":[[{""x"":184,""y"":172},{""x"":184,""y"":115},{""x"":207,""y"":115},{""x"":207,""y"":172}]]}",yueyingteng@gmail.com,resized_hello,1529914631000,6.404,,
cjitzo7ik0yov0749mtw4zv4l,https://firebasestorage.googleapis.com/v0/b/labelbox-193903.appspot.com/o/cji1s2pde32fd0710rcjl72g4%2F20c06351-1846-47cb-83ac-7718be5f85d3%2FIMG_0719.JPG?alt=media&token=fc704262-4a8d-4c2d-ba88-fa178fb9143c,"{""hello"":[[{""x"":168,""y"":195},{""x"":168,""y"":105},{""x"":185,""y"":105},{""x"":185,""y"":195}]]}",yueyingteng@gmail.com,resized_hello,1529914635000,4.678,,
cjitzob9q0ypp0749v1wz53a9,https://firebasestorage.googleapis.com/v0/b/labelbox-193903.appspot.com/o/cji1s2pde32fd0710rcjl72g4%2F20c06351-1846-47cb-83ac-7718be5f85d3%2FIMG_0720.JPG?alt=media&token=38aa5a8c-937a-4311-be7c-88b5181a6c88,"{""hello"":[[{""x"":194,""y"":150},{""x"":194,""y"":116},{""x"":218,""y"":116},{""x"":218,""y"":150}]]}",yueyingteng@gmail.com,resized_hello,1529914640000,4.532,,
cjitzoe230yqc0749brd7jqp1,https://firebasestorage.googleapis.com/v0/b/labelbox-193903.appspot.com/o/cji1s2pde32fd0710rcjl72g4%2F20c06351-1846-47cb-83ac-7718be5f85d3%2FIMG_0721.JPG?alt=media&token=f7974535-88b5-43b0-9149-5b36ef8ec6ce,"{""hello"":[[{""x"":179,""y"":177},{""x"":179,""y"":126},{""x"":205,""y"":126},{""x"":205,""y"":177}]]}",yueyingteng@gmail.com,resized_hello,1529914644000,3.799,,
cjitzoho70sj00721tnp5rbqj,https://firebasestorage.googleapis.com/v0/b/labelbox-193903.appspot.com/o/cji1s2pde32fd0710rcjl72g4%2F20c06351-1846-47cb-83ac-7718be5f85d3%2FIMG_0722.JPG?alt=media&token=468a8107-ffc9-472b-8e8f-ee2fadaa942d,"{""hello"":[[{""x"":188,""y"":188},{""x"":188,""y"":104},{""x"":212,""y"":104},{""x"":212,""y"":188}]]}",yueyingteng@gmail.com,resized_hello,1529914648000,4.278,,
cjitzokmy0yrx0749l00n33xi,https://firebasestorage.googleapis.com/v0/b/labelbox-193903.appspot.com/o/cji1s2pde32fd0710rcjl72g4%2F20c06351-1846-47cb-83ac-7718be5f85d3%2FIMG_0723.JPG?alt=media&token=c5579f85-ead6-4bcb-ad1c-bd7c2a32b0c8,"{""hello"":[[{""x"":188,""y"":200},{""x"":188,""y"":104},{""x"":212,""y"":104},{""x"":212,""y"":200}]]}",yueyingteng@gmail.com,resized_hello,1529914652000,4.336,,
cjitzonyy0sjz0721k12jjeqj,https://firebasestorage.googleapis.com/v0/b/labelbox-193903.appspot.com/o/cji1s2pde32fd0710rcjl72g4%2F20c06351-1846-47cb-83ac-7718be5f85d3%2FIMG_0724.JPG?alt=media&token=226a9c19-3b28-4446-8cea-1a5218ded55f,"{""hello"":[[{""x"":184,""y"":190},{""x"":184,""y"":103},{""x"":205,""y"":103},{""x"":205,""y"":190}]]}",yueyingteng@gmail.com,resized_hello,1529914657000,4.014,,
cjitzoqkg0skv0721kpzawez3,https://firebasestorage.googleapis.com/v0/b/labelbox-193903.appspot.com/o/cji1s2pde32fd0710rcjl72g4%2F20c06351-1846-47cb-83ac-7718be5f85d3%2FIMG_0725.JPG?alt=media&token=e61cddcb-6ba9-43fd-aaca-794e70dc3988,"{""hello"":[[{""x"":186,""y"":187},{""x"":186,""y"":112},{""x"":209,""y"":112},{""x"":209,""y"":187}]]}",yueyingteng@gmail.com,resized_hello,1529914660000,3.716,,
cjitzotjp0slq0721wbxzu0r3,https://firebasestorage.googleapis.com/v0/b/labelbox-193903.appspot.com/o/cji1s2pde32fd0710rcjl72g4%2F20c06351-1846-47cb-83ac-7718be5f85d3%2FIMG_0726.JPG?alt=media&token=e123b344-5139-432d-9d4e-86d995c36593,"{""hello"":[[{""x"":188,""y"":166},{""x"":188,""y"":122},{""x"":206,""y"":122},{""x"":206,""y"":166}]]}",yueyingteng@gmail.com,resized_hello,1529914664000,3.602,,
cjitzovqg0yv40749xo1ble3j,https://firebasestorage.googleapis.com/v0/b/labelbox-193903.appspot.com/o/cji1s2pde32fd0710rcjl72g4%2F20c06351-1846-47cb-83ac-7718be5f85d3%2FIMG_0727.JPG?alt=media&token=f60bc758-a273-470a-9b08-c19fab998f35,"{""hello"":[[{""x"":189,""y"":163},{""x"":189,""y"":121},{""x"":212,""y"":121},{""x"":212,""y"":163}]]}",yueyingteng@gmail.com,resized_hello,1529914667000,2.972,,
cjitzoy7y0sn90721xlodk2gv,https://firebasestorage.googleapis.com/v0/b/labelbox-193903.appspot.com/o/cji1s2pde32fd0710rcjl72g4%2F20c06351-1846-47cb-83ac-7718be5f85d3%2FIMG_0728.JPG?alt=media&token=a509171b-87eb-4812-a7f1-f3deaac8a785,"{""hello"":[[{""x"":193,""y"":165},{""x"":193,""y"":120},{""x"":216,""y"":120},{""x"":216,""y"":165}]]}",yueyingteng@gmail.com,resized_hello,1529914670000,3.086,,
cjitzp0q40ywn0749a02eue91,https://firebasestorage.googleapis.com/v0/b/labelbox-193903.appspot.com/o/cji1s2pde32fd0710rcjl72g4%2F20c06351-1846-47cb-83ac-7718be5f85d3%2FIMG_0729.JPG?alt=media&token=d11668fb-732f-4684-a1fa-1e5a6ec365f7,"{""hello"":[[{""x"":194,""y"":168},{""x"":194,""y"":124},{""x"":216,""y"":124},{""x"":216,""y"":168}]]}",yueyingteng@gmail.com,resized_hello,1529914673000,3.509,,
cjitzp3rd0sp00721gag0kbdb,https://firebasestorage.googleapis.com/v0/b/labelbox-193903.appspot.com/o/cji1s2pde32fd0710rcjl72g4%2F20c06351-1846-47cb-83ac-7718be5f85d3%2FIMG_0730.JPG?alt=media&token=b07891ef-b57d-4577-a7a9-3fc717320662,"{""hello"":[[{""x"":183,""y"":169},{""x"":183,""y"":122},{""x"":208,""y"":122},{""x"":208,""y"":169}]]}",yueyingteng@gmail.com,resized_hello,1529914677000,3.751,,
cjitzp6ko0sq60721v4qi1ils,https://firebasestorage.googleapis.com/v0/b/labelbox-193903.appspot.com/o/cji1s2pde32fd0710rcjl72g4%2F20c06351-1846-47cb-83ac-7718be5f85d3%2FIMG_0731.JPG?alt=media&token=92b3cde9-bb62-49a1-9f1d-03c84939d6ba,"{""hello"":[[{""x"":178,""y"":199},{""x"":178,""y"":106},{""x"":206,""y"":106},{""x"":206,""y"":199}]]}",yueyingteng@gmail.com,resized_hello,1529914681000,3.772,,
cjitzpc8n0sro072198bp2h6b,https://firebasestorage.googleapis.com/v0/b/labelbox-193903.appspot.com/o/cji1s2pde32fd0710rcjl72g4%2F20c06351-1846-47cb-83ac-7718be5f85d3%2FIMG_0733.JPG?alt=media&token=16c61449-5399-4761-9656-113f2f2b67e2,"{""hello"":[[{""x"":218,""y"":158},{""x"":196,""y"":158},{""x"":196,""y"":113},{""x"":218,""y"":113}]]}",yueyingteng@gmail.com,resized_hello,1529914688000,6.997,,
cjitzpee00z1x07491pjdsvzt,https://firebasestorage.googleapis.com/v0/b/labelbox-193903.appspot.com/o/cji1s2pde32fd0710rcjl72g4%2F20c06351-1846-47cb-83ac-7718be5f85d3%2FIMG_0735.JPG?alt=media&token=43cd4ef5-6c43-4c41-9374-5550ca5241bf,"{""hello"":[[{""x"":185,""y"":181},{""x"":185,""y"":113},{""x"":223,""y"":113},{""x"":223,""y"":181}]]}",yueyingteng@gmail.com,resized_hello,1529914691000,3.119,,
cjitzph0r0z2n0749ql9yu0wf,https://firebasestorage.googleapis.com/v0/b/labelbox-193903.appspot.com/o/cji1s2pde32fd0710rcjl72g4%2F20c06351-1846-47cb-83ac-7718be5f85d3%2FIMG_0736.JPG?alt=media&token=295537b6-716d-4aa6-9395-9b757b0bc7ee,"{""hello"":[[{""x"":211,""y"":196},{""x"":211,""y"":96},{""x"":236,""y"":96},{""x"":236,""y"":196}]]}",yueyingteng@gmail.com,resized_hello,1529914694000,3.114,,
cjitzpk550z330749m9o7zjj9,https://firebasestorage.googleapis.com/v0/b/labelbox-193903.appspot.com/o/cji1s2pde32fd0710rcjl72g4%2F20c06351-1846-47cb-83ac-7718be5f85d3%2FIMG_0737.JPG?alt=media&token=cf9cb486-0faf-40d2-98c9-c108cbd9c74f,"{""hello"":[[{""x"":198,""y"":198},{""x"":198,""y"":156},{""x"":218,""y"":156},{""x"":218,""y"":198}]]}",yueyingteng@gmail.com,resized_hello,1529914698000,4.179,,
